Participant, Trial, Date, Time, Milliseconds Since Trial Start, X Gravity, Y Gravity, Z Gravity, X Gravity Raw, Y Gravity Raw, Z Gravity Raw, Delta Time, 
35, 13, 14/09/2018, 11:36:12, 40.988000000012, 0.035020049583248, -0.2795927959136, -0.95588564884156, 0.076736450195312, -0.320068359375, -0.92539978027344, 0.010072000004584, 
35, 13, 14/09/2018, 11:36:12, 51.313000000082, 0.039048257027267, -0.28366018868552, -0.95292861471912, 0.075302124023438, -0.32026672363281, -0.92631530761719, 0.010040000001027, 
35, 13, 14/09/2018, 11:36:12, 61.199000000022, 0.043000181812822, -0.287259807024, -0.9503344226808, 0.078567504882812, -0.31965637207031, -0.92698669433594, 0.010070999996969, 
35, 13, 14/09/2018, 11:36:12, 70.36400000006, 0.046392119197946, -0.29054523989582, -0.94805000385022, 0.076919555664062, -0.32011413574219, -0.927490234375, 0.010064000001876, 
35, 13, 14/09/2018, 11:36:13, 82.949000000022, 0.049608131887526, -0.29355248348436, -0.9456034019027, 0.07855224609375, -0.32061767578125, -0.923583984375, 0.01006100000086, 
35, 13, 14/09/2018, 11:36:13, 91.460000000079, 0.052179056980024, -0.29639480593671, -0.94287503192728, 0.0753173828125, -0.32197570800781, -0.91831970214844, 0.010056999999506, 
35, 13, 14/09/2018, 11:36:13, 101.51400000008, 0.054299102942178, -0.29899409487429, -0.94016620305095, 0.073379516601562, -0.3223876953125, -0.91578674316406, 0.010069999996631, 
35, 13, 14/09/2018, 11:36:13, 111.51100000006, 0.055683767843272, -0.30106947786733, -0.93800291526539, 0.068145751953125, -0.31974792480469, -0.91853332519531, 0.010040000001027, 
35, 13, 14/09/2018, 11:36:13, 121.554, 0.05710391644957, -0.30302887529544, -0.93602086104354, 0.06988525390625, -0.32066345214844, -0.91818237304688, 0.010071999997308, 
35, 13, 14/09/2018, 11:36:13, 131.69099999999, 0.058444611230394, -0.30478470358621, -0.93416682181418, 0.070510864257812, -0.32058715820312, -0.91748046875, 0.010071000004245, 
35, 13, 14/09/2018, 11:36:13, 141.57400000002, 0.059773306845636, -0.30648549348149, -0.93264772264058, 0.071731567382812, -0.32179260253906, -0.91897583007812, 0.010039000000688, 
35, 13, 14/09/2018, 11:36:13, 151.804, 0.060973710536073, -0.30781784012944, -0.93161164910699, 0.07177734375, -0.31980895996094, -0.92228698730469, 0.010071999997308, 
35, 13, 14/09/2018, 11:36:13, 161.65000000002, 0.061968624638715, -0.30891166646805, -0.9306898640791, 0.0709228515625, -0.31875610351562, -0.92239379882812, 0.010070000003907, 
35, 13, 14/09/2018, 11:36:13, 171.96200000006, 0.062854892057656, -0.30973436700875, -0.92991671507354, 0.070831298828125, -0.317138671875, -0.92295837402344, 0.010039999993751, 
35, 13, 14/09/2018, 11:36:13, 182.10600000003, 0.063606756367516, -0.31066248060084, -0.92898589561696, 0.07037353515625, -0.31901550292969, -0.92060852050781, 0.010069000003568, 
35, 13, 14/09/2018, 11:36:13, 198.19000000006, 0.06403471598467, -0.31127958215013, -0.92802761367246, 0.067886352539062, -0.31683349609375, -0.91940307617188, 0.010047999996459, 
35, 13, 14/09/2018, 11:36:13, 202.08400000003, 0.064245929444797, -0.31187922403278, -0.92753747437552, 0.066146850585938, -0.31727600097656, -0.92312622070312, 0.010066000002553, 
35, 13, 14/09/2018, 11:36:13, 211.84500000009, 0.064407029859692, -0.31239448766466, -0.92664926648875, 0.06585693359375, -0.31703186035156, -0.91865539550781, 0.010070000003907, 
35, 13, 14/09/2018, 11:36:13, 221.78500000003, 0.064643572967473, -0.31302454573413, -0.92601314843363, 0.0667724609375, -0.31869506835938, -0.9202880859375, 0.010069999996631, 
35, 13, 14/09/2018, 11:36:13, 231.95000000007, 0.064581803561351, -0.31359007211775, -0.9257046192348, 0.06402587890625, -0.31867980957031, -0.92292785644531, 0.010042000001704, 
35, 13, 14/09/2018, 11:36:13, 242.13400000008, 0.064420925451309, -0.314147873988, -0.92564209188163, 0.062973022460938, -0.31916809082031, -0.92507934570312, 0.010068999996292, 
35, 13, 14/09/2018, 11:36:13, 252.42200000002, 0.064506542867116, -0.31457665348373, -0.92587115661925, 0.065277099609375, -0.31843566894531, -0.92793273925781, 0.010072000004584, 
35, 13, 14/09/2018, 11:36:13, 262.42500000005, 0.064817058013998, -0.31518228159239, -0.92614445355498, 0.067611694335938, -0.32063293457031, -0.92860412597656, 0.010040000001027, 
35, 13, 14/09/2018, 11:36:13, 272.46100000001, 0.06521554020088, -0.31562663888237, -0.92687259853151, 0.068801879882812, -0.31962585449219, -0.93342590332031, 0.010070999996969, 
35, 13, 14/09/2018, 11:36:13, 282.47600000002, 0.065557389501104, -0.31599146522851, -0.92779343194008, 0.068634033203125, -0.31927490234375, -0.93608093261719, 0.010069999996631, 
35, 13, 14/09/2018, 11:36:13, 292.679, 0.066264834144744, -0.31622978208456, -0.92815831482029, 0.0726318359375, -0.31837463378906, -0.93144226074219, 0.010055000006105, 
35, 13, 14/09/2018, 11:36:13, 304.68900000001, 0.066935103659957, -0.31665178678626, -0.92881629925623, 0.072967529296875, -0.32044982910156, -0.93473815917969, 0.010056999999506, 
35, 13, 14/09/2018, 11:36:13, 313.13699999999, 0.067414750032242, -0.31715366133029, -0.92890647108842, 0.071731567382812, -0.32167053222656, -0.92971801757812, 0.010069999996631, 
35, 13, 14/09/2018, 11:36:13, 322.853, 0.067753353154018, -0.31755652029492, -0.92878315796395, 0.07080078125, -0.32118225097656, -0.92767333984375, 0.010041000001365, 
35, 13, 14/09/2018, 11:36:13, 338.01800000004, 0.068486867936273, -0.31790536045293, -0.92847991540974, 0.075088500976562, -0.321044921875, -0.92575073242188, 0.010070999996969, 
35, 13, 14/09/2018, 11:36:13, 342.91100000008, 0.069092099599677, -0.31788972675139, -0.9281200220133, 0.074539184570312, -0.3177490234375, -0.92488098144531, 0.010070000003907, 
35, 13, 14/09/2018, 11:36:13, 352.96700000006, 0.069919095694396, -0.31806181364656, -0.92802042215572, 0.077362060546875, -0.31961059570312, -0.9271240234375, 0.010041000001365, 
35, 13, 14/09/2018, 11:36:13, 363.02500000002, 0.071014344328082, -0.31840437495769, -0.92809557720577, 0.08087158203125, -0.32148742675781, -0.92877197265625, 0.010070999996969, 
35, 13, 14/09/2018, 11:36:13, 373.03700000001, 0.071705573469492, -0.31836325386817, -0.92753455464145, 0.077926635742188, -0.3179931640625, -0.9224853515625, 0.010070999996969, 
35, 13, 14/09/2018, 11:36:13, 383.10100000002, 0.072440594735824, -0.31865888648916, -0.92671835503668, 0.079055786132812, -0.32131958007812, -0.91937255859375, 0.010039000000688, 
35, 13, 14/09/2018, 11:36:13, 392.90000000002, 0.073211977156773, -0.31904855203946, -0.92585865332207, 0.080154418945312, -0.32255554199219, -0.91812133789062, 0.010071000004245, 
35, 13, 14/09/2018, 11:36:13, 403.41899999999, 0.073700227683283, -0.3188041582613, -0.92481636709143, 0.078094482421875, -0.31660461425781, -0.91543579101562, 0.010077999999339, 
35, 13, 14/09/2018, 11:36:13, 413.37100000004, 0.074080143879799, -0.31886343970079, -0.92430860733541, 0.077499389648438, -0.31939697265625, -0.91973876953125, 0.010032999998657, 
35, 13, 14/09/2018, 11:36:13, 423.33299999998, 0.074463267187131, -0.31893357766431, -0.92329620363312, 0.077911376953125, -0.31956481933594, -0.9141845703125, 0.010071999997308, 
35, 13, 14/09/2018, 11:36:13, 433.40700000001, 0.074710421913731, -0.3189295631596, -0.92331277467606, 0.076934814453125, -0.31889343261719, -0.9234619140625, 0.010070000003907, 
35, 13, 14/09/2018, 11:36:13, 443.45299999998, 0.074865722495795, -0.31895646768348, -0.92323461000142, 0.076263427734375, -0.31919860839844, -0.92253112792969, 0.010041000001365, 
35, 13, 14/09/2018, 11:36:13, 453.571, 0.075162658546997, -0.31869992003623, -0.92366932771222, 0.077835083007812, -0.31639099121094, -0.92758178710938, 0.010069999996631, 
35, 13, 14/09/2018, 11:36:13, 463.60100000002, 0.075493987907141, -0.3184461389701, -0.92399038322224, 0.078475952148438, -0.316162109375, -0.9268798828125, 0.010070000003907, 
35, 13, 14/09/2018, 11:36:13, 473.77300000004, 0.075575509526583, -0.3182680900145, -0.92479660613049, 0.076309204101562, -0.31666564941406, -0.93205261230469, 0.010041999994428, 
35, 13, 14/09/2018, 11:36:13, 483.75100000005, 0.075624464921581, -0.31761651294664, -0.92541539522447, 0.076065063476562, -0.31175231933594, -0.93098449707031, 0.010069000003568, 
35, 13, 14/09/2018, 11:36:13, 493.92000000004, 0.075793646847392, -0.31722082844885, -0.92608827220593, 0.077316284179688, -0.31365966796875, -0.93214416503906, 0.010071999997308, 
35, 13, 14/09/2018, 11:36:13, 503.43300000008, 0.075863513119684, -0.31697457568209, -0.92678541422362, 0.076492309570312, -0.31475830078125, -0.93305969238281, 0.01005399999849, 
35, 13, 14/09/2018, 11:36:13, 515.70600000001, 0.075911133975684, -0.3165545839342, -0.92730908227391, 0.076339721679688, -0.31277465820312, -0.93202209472656, 0.010055000006105, 
35, 13, 14/09/2018, 11:36:13, 523.92000000004, 0.075982984445303, -0.31655500932984, -0.92797569601918, 0.076629638671875, -0.31655883789062, -0.93397521972656, 0.010072999997647, 
35, 13, 14/09/2018, 11:36:13, 533.99700000009, 0.076043072231242, -0.31664999667811, -0.92840627583132, 0.076583862304688, -0.3175048828125, -0.93228149414062, 0.010040000001027, 
35, 13, 14/09/2018, 11:36:13, 543.43599999999, 0.076101728875305, -0.31658289740092, -0.92863968389272, 0.076629638671875, -0.31597900390625, -0.93074035644531, 0.010069999996631, 
35, 13, 14/09/2018, 11:36:13, 553.76300000004, 0.076113321124493, -0.31657286205536, -0.92884212175345, 0.076217651367188, -0.31648254394531, -0.9306640625, 0.010071000004245, 
35, 13, 14/09/2018, 11:36:13, 563.77600000007, 0.0761329094222, -0.31690867887717, -0.92914028262498, 0.076309204101562, -0.31993103027344, -0.93182373046875, 0.010070999996969, 
35, 13, 14/09/2018, 11:36:13, 573.81400000001, 0.076225306956543, -0.31706137788398, -0.92940710153045, 0.077056884765625, -0.31843566894531, -0.93180847167969, 0.010041000001365, 
35, 13, 14/09/2018, 11:36:13, 583.89800000004, 0.076573967667138, -0.31704164146277, -0.92969454079147, 0.0797119140625, -0.31686401367188, -0.93228149414062, 0.010070999996969, 
35, 13, 14/09/2018, 11:36:13, 594.26699999999, 0.076944219826206, -0.3170772844454, -0.92998680546232, 0.080276489257812, -0.31739807128906, -0.9326171875, 0.010070000003907, 
35, 13, 14/09/2018, 11:36:13, 604.02300000004, 0.077164531730304, -0.31704832797352, -0.93029256827546, 0.079147338867188, -0.31678771972656, -0.93304443359375, 0.010039000000688, 
35, 13, 14/09/2018, 11:36:13, 614.34299999999, 0.077596271916649, -0.31678728179726, -0.93031598478776, 0.08148193359375, -0.31443786621094, -0.93052673339844, 0.01008699999511, 
35, 13, 14/09/2018, 11:36:13, 626.45500000007, 0.07757742841639, -0.3164958827191, -0.93062850251992, 0.077407836914062, -0.31387329101562, -0.93344116210938, 0.010039000000688, 
35, 13, 14/09/2018, 11:36:13, 634.78000000003, 0.077713057156782, -0.31621989063859, -0.93046573771715, 0.078933715820312, -0.31373596191406, -0.92900085449219, 0.010057999999844, 
35, 13, 14/09/2018, 11:36:13, 644.33799999999, 0.077737466773135, -0.31609509395755, -0.92987369275403, 0.077957153320312, -0.31497192382812, -0.92454528808594, 0.010071000004245, 
35, 13, 14/09/2018, 11:36:13, 654.44099999999, 0.077672460330197, -0.31611095077273, -0.92935000756066, 0.07708740234375, -0.31625366210938, -0.92463684082031, 0.010068999996292, 
35, 13, 14/09/2018, 11:36:13, 664.77800000005, 0.077797060000302, -0.31603672092983, -0.92852316110147, 0.07891845703125, -0.31536865234375, -0.92108154296875, 0.010042000001704, 
35, 13, 14/09/2018, 11:36:13, 674.53700000001, 0.077678791988553, -0.31565558301653, -0.92795752712023, 0.076614379882812, -0.31222534179688, -0.92286682128906, 0.010068999996292, 
35, 13, 14/09/2018, 11:36:13, 684.51900000009, 0.077293114938135, -0.31545141387504, -0.92783450390039, 0.073822021484375, -0.31361389160156, -0.92672729492188, 0.010072000004584, 
35, 13, 14/09/2018, 11:36:13, 694.745, 0.076961264381822, -0.31511965139378, -0.92764291142051, 0.073974609375, -0.3121337890625, -0.92591857910156, 0.010070999996969, 
35, 13, 14/09/2018, 11:36:13, 704.64000000001, 0.076546632084265, -0.31483479807081, -0.92770393766127, 0.07281494140625, -0.31227111816406, -0.92825317382812, 0.010040000001027, 
35, 13, 14/09/2018, 11:36:13, 714.90600000008, 0.076232972293807, -0.31450671377154, -0.92768561909046, 0.073410034179688, -0.31155395507812, -0.92752075195312, 0.010085000001709, 
35, 13, 14/09/2018, 11:36:13, 724.58900000004, 0.076069697037082, -0.31437165518736, -0.92751349272828, 0.074600219726562, -0.31315612792969, -0.92596435546875, 0.010039000000688, 
35, 13, 14/09/2018, 11:36:13, 737.25800000003, 0.076234028602905, -0.31436454337956, -0.92709917958827, 0.077713012695312, -0.31430053710938, -0.92337036132812, 0.010057999999844, 
35, 13, 14/09/2018, 11:36:13, 744.98600000003, 0.076311736582459, -0.31401481999863, -0.9272252601646, 0.077011108398438, -0.31086730957031, -0.92835998535156, 0.010070999996969, 
35, 13, 14/09/2018, 11:36:13, 755.08400000003, 0.076753988217182, -0.31354137754955, -0.92762254615986, 0.080734252929688, -0.30928039550781, -0.93119812011719, 0.010071000004245, 
35, 13, 14/09/2018, 11:36:13, 765.47400000005, 0.07724661918062, -0.31298557963835, -0.92859961039153, 0.081680297851562, -0.3079833984375, -0.93739318847656, 0.010039999993751, 
35, 13, 14/09/2018, 11:36:13, 775.38300000003, 0.077505355700058, -0.31229615253389, -0.92994741302425, 0.079833984375, -0.30609130859375, -0.94207763671875, 0.010071000004245, 
35, 13, 14/09/2018, 11:36:13, 785.32000000007, 0.078192930481614, -0.31177790202659, -0.93117111654604, 0.084381103515625, -0.30711364746094, -0.94218444824219, 0.010070999996969, 
35, 13, 14/09/2018, 11:36:13, 795.446, 0.078906352277203, -0.31128553662862, -0.93178569434456, 0.0853271484375, -0.30685424804688, -0.93731689453125, 0.010070000003907, 
35, 13, 14/09/2018, 11:36:13, 805.52300000004, 0.079372955819014, -0.31074322564154, -0.93167505703901, 0.083572387695312, -0.30586242675781, -0.93067932128906, 0.010041000001365, 
35, 13, 14/09/2018, 11:36:13, 815.49700000009, 0.079812735432425, -0.31052827807739, -0.93105058112027, 0.083770751953125, -0.30859375, -0.92543029785156, 0.010070999996969, 
35, 13, 14/09/2018, 11:36:13, 825.59600000002, 0.080231425268089, -0.31065831159777, -0.93037106011762, 0.083999633789062, -0.31182861328125, -0.92425537109375, 0.010074999998324, 
35, 13, 14/09/2018, 11:36:13, 837.27100000007, 0.080927154811592, -0.31117969967628, -0.92951535059023, 0.087188720703125, -0.31587219238281, -0.92181396484375, 0.010041000001365, 
35, 13, 14/09/2018, 11:36:13, 845.80300000007, 0.081808133178089, -0.31201821164224, -0.9294089693398, 0.089736938476562, -0.31956481933594, -0.92845153808594, 0.010065000002214, 
35, 13, 14/09/2018, 11:36:13, 856.11900000006, 0.083069458532155, -0.31330082651317, -0.92976183461285, 0.09442138671875, -0.32484436035156, -0.93293762207031, 0.010070999996969, 
35, 13, 14/09/2018, 11:36:13, 865.58500000008, 0.08445489549144, -0.31461539718217, -0.93007025808516, 0.096923828125, -0.32644653320312, -0.93284606933594, 0.010071000004245, 
35, 13, 14/09/2018, 11:36:13, 875.745, 0.085640753598546, -0.31604722904598, -0.93051873764774, 0.0963134765625, -0.32893371582031, -0.93455505371094, 0.010039999993751, 
35, 13, 14/09/2018, 11:36:13, 885.88400000008, 0.086869769059004, -0.31753576786014, -0.930614141715, 0.097930908203125, -0.3309326171875, -0.93147277832031, 0.010070000003907, 
35, 13, 14/09/2018, 11:36:13, 896.103, 0.087891959633572, -0.31857027701162, -0.930545891606, 0.097091674804688, -0.327880859375, -0.929931640625, 0.010070999996969, 
35, 13, 14/09/2018, 11:36:13, 906.06800000009, 0.088543376463184, -0.31906951151749, -0.93051345820712, 0.094406127929688, -0.32356262207031, -0.93022155761719, 0.010041000001365, 
35, 13, 14/09/2018, 11:36:13, 916.174, 0.088800061766084, -0.31941658868605, -0.93024623103875, 0.091110229492188, -0.32254028320312, -0.92784118652344, 0.010070000003907, 
35, 13, 14/09/2018, 11:36:13, 926.152, 0.088779308519163, -0.31907435608698, -0.92999046779815, 0.088592529296875, -0.31599426269531, -0.92768859863281, 0.010070999996969, 
35, 13, 14/09/2018, 11:36:13, 936.36100000003, 0.088614146221934, -0.31883043366188, -0.92999068859646, 0.087127685546875, -0.31663513183594, -0.92999267578125, 0.010044000002381, 
35, 13, 14/09/2018, 11:36:13, 948.43700000003, 0.087920761384897, -0.31819739029569, -0.92972996202197, 0.081680297851562, -0.3125, -0.92738342285156, 0.010073999997985, 
35, 13, 14/09/2018, 11:36:13, 956.68300000008, 0.087373008976876, -0.3178672142544, -0.92925727099556, 0.082443237304688, -0.31489562988281, -0.92500305175781, 0.010064000001876, 
35, 13, 14/09/2018, 11:36:13, 969.31300000008, 0.08688308356747, -0.3175349606024, -0.92859991547803, 0.082473754882812, -0.31454467773438, -0.92268371582031, 0.010071999997308, 
35, 13, 14/09/2018, 11:36:13, 976.60999999999, 0.086425366031035, -0.31719015594841, -0.92777178428179, 0.082305908203125, -0.3140869140625, -0.92031860351562, 0.010039000000688, 
35, 13, 14/09/2018, 11:36:13, 986.46000000008, 0.085444267416213, -0.31678217550982, -0.92700205214268, 0.076614379882812, -0.3131103515625, -0.92007446289062, 0.010071999997308, 
35, 13, 14/09/2018, 11:36:13, 996.64900000009, 0.084622313819123, -0.31655689985337, -0.92618874878388, 0.077224731445312, -0.31452941894531, -0.91886901855469, 0.010069000003568, 
35, 13, 14/09/2018, 11:36:13, 1006.8030000001, 0.083705553628617, -0.31647622207506, -0.92532707605393, 0.075454711914062, -0.31575012207031, -0.91757202148438, 0.010051999997813, 
35, 13, 14/09/2018, 11:36:13, 1016.822, 0.082413550511849, -0.31611827271912, -0.9246065022376, 0.070785522460938, -0.31289672851562, -0.91812133789062, 0.01006100000086, 
35, 13, 14/09/2018, 11:36:13, 1027.0600000001, 0.081488784816133, -0.31593497327924, -0.92377488033415, 0.073165893554688, -0.31428527832031, -0.91629028320312, 0.010070000003907, 
35, 13, 14/09/2018, 11:36:13, 1037.1040000001, 0.080903688072801, -0.31585545300209, -0.92323088839448, 0.075637817382812, -0.31513977050781, -0.9183349609375, 0.010040999994089, 
35, 13, 14/09/2018, 11:36:13, 1046.931, 0.080354212820208, -0.31591968797532, -0.92319448168394, 0.075408935546875, -0.31649780273438, -0.92286682128906, 0.01008400000137, 
35, 13, 14/09/2018, 11:36:13, 1059.834, 0.079643010288187, -0.3157028412481, -0.92348062433586, 0.0732421875, -0.31375122070312, -0.92605590820312, 0.010056999999506, 
35, 13, 14/09/2018, 11:36:13, 1070.958, 0.078980039825775, -0.31556261083423, -0.92430120203899, 0.073013305664062, -0.31430053710938, -0.93168640136719, 0.010041000001365, 
35, 13, 14/09/2018, 11:36:14, 1077.632, 0.07849475556976, -0.3155233785594, -0.92517705107338, 0.074127197265625, -0.31517028808594, -0.93305969238281, 0.010069999996631, 
35, 13, 14/09/2018, 11:36:14, 1087.596, 0.078059525618253, -0.31544534490268, -0.92581272731369, 0.074142456054688, -0.31474304199219, -0.93153381347656, 0.010070000003907, 
35, 13, 14/09/2018, 11:36:14, 1097.7930000001, 0.077821932431427, -0.31511724107647, -0.92665033885967, 0.07568359375, -0.31216430664062, -0.93418884277344, 0.010041000001365, 
35, 13, 14/09/2018, 11:36:14, 1107.456, 0.077571477469535, -0.31486772400008, -0.92727754130183, 0.0753173828125, -0.3126220703125, -0.93292236328125, 0.010069999996631, 
35, 13, 14/09/2018, 11:36:14, 1117.828, 0.077793150523362, -0.31474691839694, -0.92782676471071, 0.079788208007812, -0.31365966796875, -0.93276977539062, 0.010071000004245, 
35, 13, 14/09/2018, 11:36:14, 1127.77, 0.077692058127276, -0.31460309813928, -0.92833785044667, 0.0767822265625, -0.31330871582031, -0.93293762207031, 0.010040999994089, 
35, 13, 14/09/2018, 11:36:14, 1138.01, 0.077543091572361, -0.31451791039567, -0.92840567673013, 0.076202392578125, -0.31375122070312, -0.92901611328125, 0.010071000004245, 
35, 13, 14/09/2018, 11:36:14, 1147.522, 0.077619592962, -0.31465333859438, -0.92864677409618, 0.07830810546875, -0.31587219238281, -0.93081665039062, 0.010070999996969, 
35, 13, 14/09/2018, 11:36:14, 1158.0060000001, 0.077445829466581, -0.31463179135604, -0.92877831250687, 0.075881958007812, -0.31443786621094, -0.92996215820312, 0.010053000005428, 
35, 13, 14/09/2018, 11:36:14, 1169.2320000001, 0.077345899840236, -0.31465359757199, -0.92906454375618, 0.076446533203125, -0.31484985351562, -0.931640625, 0.010057999999844, 
35, 13, 14/09/2018, 11:36:14, 1178.371, 0.077260540813243, -0.31459692922105, -0.92977991555244, 0.076492309570312, -0.3140869140625, -0.93621826171875, 0.010070999996969, 
35, 13, 14/09/2018, 11:36:14, 1188.0730000001, 0.077322572669419, -0.31463900631847, -0.9304542677472, 0.077880859375, -0.31501770019531, -0.9365234375, 0.010069999996631, 
35, 13, 14/09/2018, 11:36:14, 1199.3100000001, 0.077457747043102, -0.31488134347959, -0.93105050357013, 0.07867431640625, -0.31706237792969, -0.93641662597656, 0.010041000001365, 
35, 13, 14/09/2018, 11:36:14, 1208.076, 0.077693844897386, -0.31524287954179, -0.93126057772484, 0.079818725585938, -0.31849670410156, -0.93315124511719, 0.010070000003907, 
35, 13, 14/09/2018, 11:36:14, 1218.5600000001, 0.077762900349053, -0.31542177762277, -0.93106054534298, 0.078384399414062, -0.31703186035156, -0.92926025390625, 0.010070999996969, 
35, 13, 14/09/2018, 11:36:14, 1228.2640000001, 0.077780799767273, -0.31569112329799, -0.93064247908993, 0.07794189453125, -0.318115234375, -0.9268798828125, 0.010041000001365, 
35, 13, 14/09/2018, 11:36:14, 1238.3910000001, 0.077683994204608, -0.31587860276507, -0.93042033323172, 0.076812744140625, -0.31756591796875, -0.92842102050781, 0.010070999996969, 
35, 13, 14/09/2018, 11:36:14, 1248.716, 0.077778448788054, -0.31609616241044, -0.92980383701792, 0.078628540039062, -0.31805419921875, -0.92425537109375, 0.010069000003568, 
35, 13, 14/09/2018, 11:36:14, 1258.588, 0.077658990139717, -0.31633926833736, -0.92896212519113, 0.076583862304688, -0.31852722167969, -0.92138671875, 0.010066999995615, 
35, 13, 14/09/2018, 11:36:14, 1270.5900000001, 0.077459924621839, -0.31664809052706, -0.92818932575795, 0.075668334960938, -0.31942749023438, -0.92123413085938, 0.010066000002553, 
35, 13, 14/09/2018, 11:36:14, 1279.084, 0.076865726593249, -0.31683447776342, -0.92738546886575, 0.071517944335938, -0.31851196289062, -0.92015075683594, 0.010050000004412, 
35, 13, 14/09/2018, 11:36:14, 1288.5750000001, 0.076352310672205, -0.31703426973317, -0.92723572813152, 0.071731567382812, -0.31883239746094, -0.92588806152344, 0.010069999996631, 
35, 13, 14/09/2018, 11:36:14, 1303.9620000001, 0.076142006362797, -0.31705233934188, -0.92726728227149, 0.074249267578125, -0.31721496582031, -0.92755126953125, 0.010040000001027, 
35, 13, 14/09/2018, 11:36:14, 1308.7290000001, 0.076051914613236, -0.31732189788816, -0.92716903304825, 0.075241088867188, -0.31974792480469, -0.92628479003906, 0.010070999996969, 
35, 13, 14/09/2018, 11:36:14, 1318.9110000001, 0.075656500983944, -0.31719981552122, -0.92746970786843, 0.072097778320312, -0.31610107421875, -0.93017578125, 0.010072000004584, 
35, 13, 14/09/2018, 11:36:14, 1328.8590000001, 0.075221283014456, -0.31696176756285, -0.92793715358549, 0.071304321289062, -0.3148193359375, -0.93214416503906, 0.010070999996969, 
35, 13, 14/09/2018, 11:36:14, 1339.3450000001, 0.074614437916135, -0.31691537108, -0.92834869945741, 0.06915283203125, -0.31649780273438, -0.93205261230469, 0.010040000001027, 
35, 13, 14/09/2018, 11:36:14, 1349.022, 0.07405454441749, -0.3167408627806, -0.92870535783198, 0.069015502929688, -0.31517028808594, -0.93191528320312, 0.010070999996969, 
35, 13, 14/09/2018, 11:36:14, 1359.1710000001, 0.073260723276523, -0.31632440589707, -0.92898820339644, 0.066116333007812, -0.31257629394531, -0.93153381347656, 0.010071000004245, 
35, 13, 14/09/2018, 11:36:14, 1370.9280000001, 0.072230427316058, -0.31597095700658, -0.92936330883805, 0.062957763671875, -0.31278991699219, -0.9327392578125, 0.010052999998152, 
35, 13, 14/09/2018, 11:36:14, 1382.255, 0.071223815248515, -0.31568947409889, -0.92952085002455, 0.062164306640625, -0.31315612792969, -0.93093872070312, 0.010118291669642, 
35, 13, 14/09/2018, 11:36:14, 1389.976, 0.070217156379913, -0.31526676692338, -0.92979996619397, 0.0611572265625, -0.31146240234375, -0.93231201171875, 0.010056999999506, 
35, 13, 14/09/2018, 11:36:14, 1399.257, 0.069024298163797, -0.3150282372037, -0.92975667611754, 0.05828857421875, -0.31288146972656, -0.92936706542969, 0.010069999996631, 
35, 13, 14/09/2018, 11:36:14, 1409.3470000001, 0.068086528991948, -0.31499361416692, -0.92922027852532, 0.059646606445312, -0.31468200683594, -0.92439270019531, 0.010041000001365, 
35, 13, 14/09/2018, 11:36:14, 1419.5800000001, 0.067074690057597, -0.31514861066038, -0.92874209832904, 0.057968139648438, -0.31654357910156, -0.9244384765625, 0.010070999996969, 
35, 13, 14/09/2018, 11:36:14, 1429.4890000001, 0.066154879743244, -0.31525758992638, -0.9278768606641, 0.057876586914062, -0.31623840332031, -0.92008972167969, 0.010071000004245, 
35, 13, 14/09/2018, 11:36:14, 1439.863, 0.064814355147826, -0.31535414538686, -0.92701880106254, 0.052749633789062, -0.31622314453125, -0.91929626464844, 0.010069999996631, 
35, 13, 14/09/2018, 11:36:14, 1449.63, 0.063539218461168, -0.31553107215677, -0.92660360308519, 0.05206298828125, -0.31712341308594, -0.92286682128906, 0.010041000001365, 
35, 13, 14/09/2018, 11:36:14, 1459.827, 0.062383966048645, -0.31545379501922, -0.92615057920245, 0.051986694335938, -0.31475830078125, -0.92207336425781, 0.010070999996969, 
35, 13, 14/09/2018, 11:36:14, 1469.7000000001, 0.061315247178156, -0.31519808836886, -0.92639593387986, 0.05169677734375, -0.31289672851562, -0.92860412597656, 0.010053000005428, 
35, 13, 14/09/2018, 11:36:14, 1479.7880000001, 0.060264899218152, -0.31489928783276, -0.9265358815075, 0.050811767578125, -0.31221008300781, -0.92779541015625, 0.010071999997308, 
35, 13, 14/09/2018, 11:36:14, 1491.964, 0.059028143183056, -0.31429619986979, -0.92680068935285, 0.047897338867188, -0.30886840820312, -0.92918395996094, 0.010056999999506, 
35, 13, 14/09/2018, 11:36:14, 1500.165, 0.057913536872563, -0.31392279326172, -0.92695051543709, 0.047882080078125, -0.31056213378906, -0.92829895019531, 0.010070000003907, 
35, 13, 14/09/2018, 11:36:14, 1510.0870000001, 0.056718130450932, -0.31349670045898, -0.92686715822932, 0.04595947265625, -0.30966186523438, -0.92611694335938, 0.010071999997308, 
35, 13, 14/09/2018, 11:36:14, 1520.3860000001, 0.055732291526932, -0.31309032875293, -0.92715834767983, 0.046859741210938, -0.30943298339844, -0.92977905273438, 0.010039000000688, 
35, 13, 14/09/2018, 11:36:14, 1530.0480000001, 0.055009831417208, -0.31306791697139, -0.92742652170091, 0.048507690429688, -0.3128662109375, -0.92984008789062, 0.010071999997308, 
35, 13, 14/09/2018, 11:36:14, 1540.395, 0.054229917611424, -0.31298976296956, -0.92738864248003, 0.047210693359375, -0.31228637695312, -0.92704772949219, 0.010069000003568, 
35, 13, 14/09/2018, 11:36:14, 1550.1610000001, 0.053476115303407, -0.31309032280542, -0.92790844522422, 0.04669189453125, -0.31399536132812, -0.93258666992188, 0.010071999997308, 
35, 13, 14/09/2018, 11:36:14, 1560.3450000001, 0.053096765491816, -0.31353177880613, -0.92805735900258, 0.0496826171875, -0.3175048828125, -0.92939758300781, 0.010040000001027, 
35, 13, 14/09/2018, 11:36:14, 1570.295, 0.053043741774666, -0.31424647201926, -0.92835617632498, 0.052566528320312, -0.3206787109375, -0.93104553222656, 0.010069999996631, 
35, 13, 14/09/2018, 11:36:14, 1580.5510000001, 0.053055529706574, -0.31483171251265, -0.92880363974717, 0.05316162109375, -0.32009887695312, -0.93283081054688, 0.010056000006443, 
35, 13, 14/09/2018, 11:36:14, 1592.5160000001, 0.053349952321854, -0.31552627563638, -0.92911480409276, 0.055999755859375, -0.32177734375, -0.93191528320312, 0.010068999996292, 
35, 13, 14/09/2018, 11:36:14, 1604.206, 0.053883487363106, -0.31614375305321, -0.9296634066913, 0.058685302734375, -0.32170104980469, -0.93460083007812, 0.010057999999844, 
35, 13, 14/09/2018, 11:36:14, 1610.562, 0.054044760208827, -0.31639278106821, -0.93054929990889, 0.055496215820312, -0.31863403320312, -0.93852233886719, 0.010071000004245, 
35, 13, 14/09/2018, 11:36:14, 1620.792, 0.054311976082476, -0.31653756057857, -0.93118180888284, 0.056716918945312, -0.31784057617188, -0.93687438964844, 0.010070999996969, 
35, 13, 14/09/2018, 11:36:14, 1630.67, 0.054517375153916, -0.31650306721603, -0.93123074225237, 0.056365966796875, -0.31619262695312, -0.93167114257812, 0.010040000001027, 
35, 13, 14/09/2018, 11:36:14, 1640.7250000001, 0.054613733341649, -0.3165361101038, -0.93090704546854, 0.05548095703125, -0.31683349609375, -0.92799377441406, 0.010070999996969, 
35, 13, 14/09/2018, 11:36:14, 1650.7830000001, 0.054299149558265, -0.31630187165201, -0.92997027158575, 0.051467895507812, -0.31419372558594, -0.92153930664062, 0.010070000003907, 
35, 13, 14/09/2018, 11:36:14, 1661.0800000001, 0.05378409055947, -0.31624822257275, -0.92860379862639, 0.049148559570312, -0.31576538085938, -0.91630554199219, 0.010040999994089, 
35, 13, 14/09/2018, 11:36:14, 1671.137, 0.053402934921492, -0.31619230900688, -0.92749299151766, 0.049972534179688, -0.31568908691406, -0.91749572753906, 0.010071000004245, 
35, 13, 14/09/2018, 11:36:14, 1682.106, 0.053360492991843, -0.31665010447338, -0.92660770603777, 0.052978515625, -0.32077026367188, -0.91864013671875, 0.010069999996631, 
35, 13, 14/09/2018, 11:36:14, 1690.8010000001, 0.053514555997346, -0.31725590701432, -0.92575143982852, 0.054901123046875, -0.32270812988281, -0.91804504394531, 0.010055000006105, 
35, 13, 14/09/2018, 11:36:14, 1703.674, 0.053863783991361, -0.31776755996524, -0.92509676703708, 0.0570068359375, -0.32237243652344, -0.91920471191406, 0.010048999996798, 
35, 13, 14/09/2018, 11:36:14, 1711.821, 0.054400867506288, -0.31847981764059, -0.92416423877087, 0.059234619140625, -0.32489013671875, -0.915771484375, 0.010077999999339, 
35, 13, 14/09/2018, 11:36:14, 1721.434, 0.05507192577519, -0.31922613519293, -0.92310676264769, 0.061111450195312, -0.32594299316406, -0.91358947753906, 0.010070000003907, 
35, 13, 14/09/2018, 11:36:14, 1736.9230000001, 0.05540427177189, -0.31972844843145, -0.92228473384386, 0.058395385742188, -0.32424926757812, -0.91488647460938, 0.010041999994428, 
35, 13, 14/09/2018, 11:36:14, 1741.5530000001, 0.055457716665013, -0.32009813288518, -0.92162730538135, 0.055938720703125, -0.32342529296875, -0.91571044921875, 0.010070000003907, 
35, 13, 14/09/2018, 11:36:14, 1751.412, 0.055502765311012, -0.32009820729198, -0.9218687496479, 0.055908203125, -0.32009887695312, -0.92404174804688, 0.010070999996969, 
35, 13, 14/09/2018, 11:36:14, 1761.687, 0.05546243751038, -0.3199060135159, -0.92253618376514, 0.055099487304688, -0.31817626953125, -0.92854309082031, 0.010040000001027, 
35, 13, 14/09/2018, 11:36:14, 1771.5260000001, 0.055691645419498, -0.31964606401978, -0.92327115181441, 0.057754516601562, -0.31730651855469, -0.92988586425781, 0.010069999996631, 
35, 13, 14/09/2018, 11:36:14, 1782.01, 0.055742292889267, -0.31940142832093, -0.92382886329312, 0.056198120117188, -0.31719970703125, -0.92884826660156, 0.010071000004245, 
35, 13, 14/09/2018, 11:36:14, 1791.578, 0.05578329797534, -0.31898136605524, -0.92415837930756, 0.05615234375, -0.31520080566406, -0.9271240234375, 0.010040000001027, 
35, 13, 14/09/2018, 11:36:14, 1804.2560000001, 0.056189465248119, -0.31881845894191, -0.92429014879868, 0.059844970703125, -0.31735229492188, -0.92547607421875, 0.010062000001199, 
35, 13, 14/09/2018, 11:36:14, 1814.76, 0.056307823410807, -0.31863064380943, -0.92450181995397, 0.057373046875, -0.31694030761719, -0.92640686035156, 0.010081000000355, 
35, 13, 14/09/2018, 11:36:14, 1822.534, 0.056165627495507, -0.3184341443699, -0.92520959694295, 0.054885864257812, -0.31666564941406, -0.93157958984375, 0.010039999993751, 
35, 13, 14/09/2018, 11:36:14, 1836.3250000001, 0.055938469042832, -0.31824051020634, -0.9256451802174, 0.05389404296875, -0.31649780273438, -0.9295654296875, 0.010071000004245, 
35, 13, 14/09/2018, 11:36:14, 1842.116, 0.055647051337767, -0.31799299727165, -0.92624472469566, 0.053024291992188, -0.31576538085938, -0.931640625, 0.010069999996631, 
35, 13, 14/09/2018, 11:36:14, 1852.211, 0.055223032239147, -0.31791824588433, -0.92653712234328, 0.051406860351562, -0.31724548339844, -0.92916870117188, 0.010041000001365, 
35, 13, 14/09/2018, 11:36:14, 1862.493, 0.054624740245701, -0.31786470254589, -0.92676976264802, 0.049240112304688, -0.3173828125, -0.92886352539062, 0.010071000004245, 
35, 13, 14/09/2018, 11:36:14, 1872.204, 0.054112217393006, -0.31758915758427, -0.92696235425431, 0.04949951171875, -0.31510925292969, -0.92869567871094, 0.010069999996631, 
35, 13, 14/09/2018, 11:36:14, 1882.3100000001, 0.053722663134174, -0.31753953137663, -0.92696326238357, 0.050216674804688, -0.31709289550781, -0.92697143554688, 0.010041000001365, 
35, 13, 14/09/2018, 11:36:14, 1892.371, 0.0532194764106, -0.3173361763835, -0.92704800303974, 0.048690795898438, -0.31550598144531, -0.92781066894531, 0.010070999996969, 
35, 13, 14/09/2018, 11:36:14, 1904.971, 0.052820014121103, -0.31707381118655, -0.92706933798967, 0.049224853515625, -0.31471252441406, -0.92726135253906, 0.010071000004245, 
35, 13, 14/09/2018, 11:36:14, 1912.5680000001, 0.05249101563868, -0.31677664735305, -0.92705191835086, 0.049530029296875, -0.31410217285156, -0.92689514160156, 0.01005399999849, 
35, 13, 14/09/2018, 11:36:14, 1922.632, 0.052429902356062, -0.31655955390681, -0.92710490522671, 0.0518798828125, -0.31460571289062, -0.92758178710938, 0.010055999999167, 
35, 13, 14/09/2018, 11:36:14, 1932.988, 0.052303184093112, -0.31602237293019, -0.92714496402045, 0.051162719726562, -0.31118774414062, -0.92750549316406, 0.010070999996969, 
35, 13, 14/09/2018, 11:36:14, 1942.895, 0.052048756797082, -0.31576626600827, -0.92670341683715, 0.049758911132812, -0.31346130371094, -0.9227294921875, 0.010041000001365, 
35, 13, 14/09/2018, 11:36:14, 1952.7050000001, 0.051943368422061, -0.31544879468088, -0.92626329976281, 0.050994873046875, -0.31259155273438, -0.92230224609375, 0.010070000003907, 
35, 13, 14/09/2018, 11:36:14, 1962.9110000001, 0.051865303552511, -0.31494181804482, -0.92621356890763, 0.051162719726562, -0.31037902832031, -0.92576599121094, 0.010070999996969, 
35, 13, 14/09/2018, 11:36:14, 1973.219, 0.051560059818354, -0.31446265088878, -0.92601622324733, 0.048812866210938, -0.31015014648438, -0.92424011230469, 0.010041000001365, 
35, 13, 14/09/2018, 11:36:14, 1983.371, 0.051576783328706, -0.31436099029209, -0.92608885629369, 0.051727294921875, -0.31344604492188, -0.92674255371094, 0.010069999996631, 
35, 13, 14/09/2018, 11:36:14, 1993.223, 0.051707801284898, -0.31427407339178, -0.92625645992214, 0.052886962890625, -0.31349182128906, -0.92776489257812, 0.010071000004245, 
35, 13, 14/09/2018, 11:36:14, 2003.236, 0.051938632484533, -0.31416227884557, -0.92670332369555, 0.05401611328125, -0.31315612792969, -0.93072509765625, 0.010040000001027, 
35, 13, 14/09/2018, 11:36:14, 2013.2220000001, 0.052230303904049, -0.31422035516024, -0.9272245196463, 0.054855346679688, -0.31474304199219, -0.93191528320312, 0.010057999999844, 
35, 13, 14/09/2018, 11:36:14, 2025.562, 0.052688120681613, -0.31428330499577, -0.92760662090433, 0.056808471679688, -0.31484985351562, -0.93104553222656, 0.010065999995277, 
35, 13, 14/09/2018, 11:36:14, 2037.748, 0.052881955097826, -0.31445897840245, -0.92838233576702, 0.05462646484375, -0.3160400390625, -0.93536376953125, 0.010056999999506, 
35, 13, 14/09/2018, 11:36:14, 2043.349, 0.053483652166169, -0.31424782177314, -0.92939023256141, 0.05889892578125, -0.31234741210938, -0.93846130371094, 0.010072000004584, 
35, 13, 14/09/2018, 11:36:14, 2053.319, 0.053713900230802, -0.31409592777942, -0.93016763996934, 0.0557861328125, -0.31272888183594, -0.93716430664062, 0.010040000001027, 
35, 13, 14/09/2018, 11:36:14, 2063.578, 0.053863140090534, -0.3136967720132, -0.93069030468334, 0.055206298828125, -0.31010437011719, -0.93539428710938, 0.010069999996631, 
35, 13, 14/09/2018, 11:36:14, 2073.561, 0.053683124909606, -0.31310712410875, -0.93080517314079, 0.05206298828125, -0.30780029296875, -0.93183898925781, 0.010071999997308, 
35, 13, 14/09/2018, 11:36:15, 2083.5730000001, 0.053513481852239, -0.31255355281116, -0.93114506598296, 0.051986694335938, -0.30757141113281, -0.9342041015625, 0.010070000003907, 
35, 13, 14/09/2018, 11:36:15, 2093.513, 0.053095300170921, -0.3118783366902, -0.93127244170888, 0.049331665039062, -0.30580139160156, -0.93241882324219, 0.010041000001365, 
35, 13, 14/09/2018, 11:36:15, 2104.5680000001, 0.05272504017336, -0.3110432862243, -0.93129247537002, 0.049392700195312, -0.30352783203125, -0.93147277832031, 0.010070999996969, 
35, 13, 14/09/2018, 11:36:15, 2113.7560000001, 0.052370443870868, -0.31043517342219, -0.93142189482521, 0.049179077148438, -0.30496215820312, -0.93258666992188, 0.010071000004245, 
35, 13, 14/09/2018, 11:36:15, 2123.9890000001, 0.05232596540175, -0.309990105787, -0.93111570387784, 0.051925659179688, -0.30598449707031, -0.92835998535156, 0.010034999999334, 
35, 13, 14/09/2018, 11:36:15, 2136.64, 0.052626205775638, -0.30952393212236, -0.93076841571662, 0.055328369140625, -0.30532836914062, -0.92764282226562, 0.010064999994938, 
35, 13, 14/09/2018, 11:36:15, 2144.537, 0.052957457268386, -0.30913794516012, -0.93066337590277, 0.055938720703125, -0.3056640625, -0.92971801757812, 0.010082000000693, 
35, 13, 14/09/2018, 11:36:15, 2153.876, 0.053380705682173, -0.30877834986286, -0.93039031223828, 0.05718994140625, -0.3055419921875, -0.92793273925781, 0.010040000001027, 
35, 13, 14/09/2018, 11:36:15, 2164.192, 0.054136995465518, -0.30881024388048, -0.93033986744023, 0.060943603515625, -0.30909729003906, -0.92988586425781, 0.010070999996969, 
35, 13, 14/09/2018, 11:36:15, 2173.9260000001, 0.054750517598654, -0.30884962964868, -0.93027005305949, 0.060272216796875, -0.3092041015625, -0.92964172363281, 0.010040000001027, 
35, 13, 14/09/2018, 11:36:15, 2184.1980000001, 0.055647536151288, -0.30904834588303, -0.93023621181604, 0.063720703125, -0.31083679199219, -0.929931640625, 0.010070000003907, 
35, 13, 14/09/2018, 11:36:15, 2194.2100000001, 0.056572345524441, -0.30932484674395, -0.93020575469694, 0.064895629882812, -0.31181335449219, -0.929931640625, 0.010070999996969, 
35, 13, 14/09/2018, 11:36:15, 2205.454, 0.057679332163403, -0.30970797486252, -0.92963513039912, 0.067642211914062, -0.31315612792969, -0.92449951171875, 0.010041000001365, 
35, 13, 14/09/2018, 11:36:15, 2214.2440000001, 0.058912131368938, -0.3101885933919, -0.92915361198811, 0.07000732421875, -0.31451416015625, -0.92481994628906, 0.010069999996631, 
35, 13, 14/09/2018, 11:36:15, 2224.425, 0.06017576442345, -0.31086223893552, -0.92919784551586, 0.071548461914062, -0.31692504882812, -0.92959594726562, 0.010055000006105, 
35, 13, 14/09/2018, 11:36:15, 2234.534, 0.06152513134048, -0.31152955508103, -0.92906828313225, 0.07366943359375, -0.31753540039062, -0.92790222167969, 0.010059000000183, 
35, 13, 14/09/2018, 11:36:15, 2247.1290000001, 0.062477110393932, -0.31185700728777, -0.92956050267058, 0.071044921875, -0.31480407714844, -0.93399047851562, 0.010068999996292, 
35, 13, 14/09/2018, 11:36:15, 2255.0580000001, 0.063349150331101, -0.31236686319962, -0.93044753101681, 0.071197509765625, -0.31695556640625, -0.93843078613281, 0.010070000003907, 
35, 13, 14/09/2018, 11:36:15, 2270.986, 0.063985976020647, -0.312293201782, -0.93158002400888, 0.069717407226562, -0.31163024902344, -0.9417724609375, 0.010039999993751, 
35, 13, 14/09/2018, 11:36:15, 2275.032, 0.064157812988895, -0.31193088599833, -0.93291665051424, 0.065704345703125, -0.30867004394531, -0.9449462890625, 0.010071000004245, 
35, 13, 14/09/2018, 11:36:15, 2284.4450000001, 0.064088162061099, -0.31155139603131, -0.93428288341203, 0.063461303710938, -0.30813598632812, -0.94657897949219, 0.010070999996969, 
35, 13, 14/09/2018, 11:36:15, 2294.7370000001, 0.064155175933114, -0.31106337068599, -0.93526224887942, 0.06475830078125, -0.30667114257812, -0.94407653808594, 0.010041000001365, 
35, 13, 14/09/2018, 11:36:15, 2305.027, 0.063893527968709, -0.3106714501213, -0.93582782086648, 0.061538696289062, -0.30714416503906, -0.94091796875, 0.010070000003907, 
35, 13, 14/09/2018, 11:36:15, 2315.2270000001, 0.063717554078088, -0.31019817717948, -0.93650315645561, 0.0621337890625, -0.30593872070312, -0.94258117675781, 0.010070999996969, 
35, 13, 14/09/2018, 11:36:15, 2324.936, 0.063211277185905, -0.30959675545763, -0.9372742275288, 0.05865478515625, -0.30418395996094, -0.9442138671875, 0.010039000000688, 
35, 13, 14/09/2018, 11:36:15, 2337.876, 0.062563367240752, -0.30902801008765, -0.93782018124077, 0.056732177734375, -0.30390930175781, -0.94273376464844, 0.010086000002048, 
35, 13, 14/09/2018, 11:36:15, 2345.5110000001, 0.062088585692458, -0.30842153476248, -0.93793006985497, 0.057815551757812, -0.30296325683594, -0.93891906738281, 0.010039999993751, 
35, 13, 14/09/2018, 11:36:15, 2355.199, 0.061597195384931, -0.30809695941123, -0.93778025134604, 0.057174682617188, -0.30517578125, -0.93643188476562, 0.010057000006782, 
35, 13, 14/09/2018, 11:36:15, 2365.8890000001, 0.06122666041675, -0.30813137968104, -0.93751876673878, 0.057891845703125, -0.30844116210938, -0.93516540527344, 0.010070999996969, 
35, 13, 14/09/2018, 11:36:15, 2375.2860000001, 0.060937429433669, -0.30803265821684, -0.9368577103774, 0.058334350585938, -0.30714416503906, -0.930908203125, 0.010069999996631, 
35, 13, 14/09/2018, 11:36:15, 2385.556, 0.060928891568427, -0.3082444070436, -0.9363710970545, 0.06085205078125, -0.31015014648438, -0.93199157714844, 0.010072000004584, 
35, 13, 14/09/2018, 11:36:15, 2395.3810000001, 0.060890689911584, -0.30868064749158, -0.93591636039593, 0.060546875, -0.31260681152344, -0.93182373046875, 0.010040000001027, 
35, 13, 14/09/2018, 11:36:15, 2405.5970000001, 0.06118437238527, -0.30919533420727, -0.93503712670009, 0.063827514648438, -0.31382751464844, -0.9271240234375, 0.010069999996631, 
35, 13, 14/09/2018, 11:36:15, 2415.9500000001, 0.061773698818618, -0.3094922314506, -0.93380483736992, 0.06707763671875, -0.31216430664062, -0.92271423339844, 0.010071999997308, 
35, 13, 14/09/2018, 11:36:15, 2425.7740000001, 0.062331558428943, -0.30993033740711, -0.93326645568371, 0.067352294921875, -0.31387329101562, -0.92842102050781, 0.010040000001027, 
35, 13, 14/09/2018, 11:36:15, 2435.746, 0.062874830808705, -0.31046653950624, -0.93237450249815, 0.067764282226562, -0.31529235839844, -0.92434692382812, 0.010071000004245, 
35, 13, 14/09/2018, 11:36:15, 2445.7710000001, 0.063351568919241, -0.31113985625874, -0.93149697656474, 0.067642211914062, -0.31719970703125, -0.92359924316406, 0.010052999998152, 
35, 13, 14/09/2018, 11:36:15, 2457.7860000001, 0.064116326578098, -0.31176262600396, -0.93054851181842, 0.070999145507812, -0.31736755371094, -0.92201232910156, 0.010072999997647, 
35, 13, 14/09/2018, 11:36:15, 2466.165, 0.064787823803101, -0.31188671740747, -0.92971320409361, 0.070831298828125, -0.31300354003906, -0.92219543457031, 0.010054999998829, 
35, 13, 14/09/2018, 11:36:15, 2475.8670000001, 0.065083943766541, -0.3119678820925, -0.92966943495378, 0.0677490234375, -0.31269836425781, -0.92927551269531, 0.010070000003907, 
35, 13, 14/09/2018, 11:36:15, 2486.16, 0.065002551343012, -0.31201499036763, -0.929791785892, 0.06427001953125, -0.31243896484375, -0.93089294433594, 0.010042000001704, 
35, 13, 14/09/2018, 11:36:15, 2495.991, 0.064669898747773, -0.31222370861602, -0.92993699695124, 0.061676025390625, -0.31410217285156, -0.93124389648438, 0.010069999996631, 
35, 13, 14/09/2018, 11:36:15, 2507.061, 0.064382718443308, -0.31232610582083, -0.93017449842799, 0.061798095703125, -0.31324768066406, -0.93231201171875, 0.010071000004245, 
35, 13, 14/09/2018, 11:36:15, 2516.008, 0.064241748845071, -0.31269292150827, -0.93058508813597, 0.062973022460938, -0.31599426269531, -0.93428039550781, 0.010069999996631, 
35, 13, 14/09/2018, 11:36:15, 2526.236, 0.064291878159783, -0.31330686910354, -0.93049685520128, 0.064743041992188, -0.31883239746094, -0.92970275878906, 0.010041000001365, 
35, 13, 14/09/2018, 11:36:15, 2536.23, 0.064050129308648, -0.31393876764241, -0.9300619157749, 0.061874389648438, -0.31962585449219, -0.9261474609375, 0.010069999996631, 
35, 13, 14/09/2018, 11:36:15, 2546.463, 0.063989720869971, -0.3147317805266, -0.92978185945132, 0.063446044921875, -0.32186889648438, -0.92726135253906, 0.010072000004584, 
35, 13, 14/09/2018, 11:36:15, 2556.716, 0.064179493900161, -0.31532494768879, -0.92906136393587, 0.065887451171875, -0.32066345214844, -0.92257690429688, 0.010056999999506, 
35, 13, 14/09/2018, 11:36:15, 2570.878, 0.064187020584364, -0.31566806327147, -0.92836866748369, 0.064254760742188, -0.31875610351562, -0.92213439941406, 0.01005399999849, 
35, 13, 14/09/2018, 11:36:15, 2577.135, 0.064068672529834, -0.31549774131932, -0.92744922016892, 0.063003540039062, -0.31396484375, -0.91917419433594, 0.010069999996631, 
35, 13, 14/09/2018, 11:36:15, 2586.7590000001, 0.063951478128413, -0.31549703945302, -0.92591523565203, 0.062896728515625, -0.31549072265625, -0.912109375, 0.010071000004245, 
35, 13, 14/09/2018, 11:36:15, 2596.5920000001, 0.063813959710103, -0.31544300201162, -0.92431644890323, 0.062576293945312, -0.31495666503906, -0.90992736816406, 0.010040000001027, 
35, 13, 14/09/2018, 11:36:15, 2606.929, 0.06358185573128, -0.31537605776749, -0.92283023858322, 0.061492919921875, -0.31477355957031, -0.90945434570312, 0.010070999996969, 
35, 13, 14/09/2018, 11:36:15, 2616.632, 0.063484351310496, -0.31532801497902, -0.92082889197099, 0.062606811523438, -0.31489562988281, -0.90281677246094, 0.010072000004584, 
35, 13, 14/09/2018, 11:36:15, 2626.985, 0.063329458659915, -0.31517491318815, -0.9191543279692, 0.061935424804688, -0.31379699707031, -0.90408325195312, 0.010039999993751, 
35, 13, 14/09/2018, 11:36:15, 2638.554, 0.063537955665017, -0.31513172606855, -0.91804089712541, 0.065414428710938, -0.31474304199219, -0.90802001953125, 0.010071000004245, 
35, 13, 14/09/2018, 11:36:15, 2645.996, 0.063475358828984, -0.31512642699686, -0.91757897049881, 0.062911987304688, -0.31507873535156, -0.91342163085938, 0.010064999994938, 
35, 13, 14/09/2018, 11:36:15, 2657.1140000001, 0.063731826852336, -0.31529255626983, -0.91726394454267, 0.0660400390625, -0.31678771972656, -0.9144287109375, 0.010060000000522, 
35, 13, 14/09/2018, 11:36:15, 2666.929, 0.063921449342884, -0.31556719468581, -0.91724744999075, 0.065628051757812, -0.31803894042969, -0.91709899902344, 0.010070000003907, 
35, 13, 14/09/2018, 11:36:15, 2677.003, 0.064269111537501, -0.31587540441645, -0.91757897940574, 0.067398071289062, -0.31864929199219, -0.92056274414062, 0.010056999999506, 
35, 13, 14/09/2018, 11:36:15, 2687.292, 0.064815466985314, -0.3164884865334, -0.91783768302766, 0.069732666015625, -0.32200622558594, -0.920166015625, 0.010040000001027, 
35, 13, 14/09/2018, 11:36:15, 2697.2220000001, 0.065534542845376, -0.31722031414959, -0.91852217644365, 0.072006225585938, -0.32380676269531, -0.9246826171875, 0.010070999996969, 
35, 13, 14/09/2018, 11:36:15, 2707.5110000001, 0.065914682310839, -0.31787438136744, -0.91946018096725, 0.0693359375, -0.32376098632812, -0.92790222167969, 0.010071000004245, 
35, 13, 14/09/2018, 11:36:15, 2717.2560000001, 0.065588472868817, -0.31811056383617, -0.92045392117131, 0.062652587890625, -0.32023620605469, -0.92939758300781, 0.010070999996969, 
35, 13, 14/09/2018, 11:36:15, 2727.392, 0.065194176363185, -0.31813391907364, -0.92197237182762, 0.0616455078125, -0.31834411621094, -0.93563842773438, 0.010040000001027, 
35, 13, 14/09/2018, 11:36:15, 2737.616, 0.064799636656554, -0.31802676495925, -0.92367314489876, 0.061248779296875, -0.31706237792969, -0.93898010253906, 0.010069999996631, 
35, 13, 14/09/2018, 11:36:15, 2748.638, 0.06441861097918, -0.31763430574848, -0.92519010775263, 0.060989379882812, -0.31410217285156, -0.9388427734375, 0.010071000004245, 
35, 13, 14/09/2018, 11:36:15, 2757.3810000001, 0.063671329959387, -0.31666158562285, -0.92649891680159, 0.05694580078125, -0.30790710449219, -0.93827819824219, 0.010040000001027, 
35, 13, 14/09/2018, 11:36:15, 2767.63, 0.062644773135324, -0.31562134258791, -0.92766311203549, 0.05340576171875, -0.30625915527344, -0.93814086914062, 0.010076999999001, 
35, 13, 14/09/2018, 11:36:15, 2780.081, 0.061211228438979, -0.31455084651271, -0.92839808257022, 0.048309326171875, -0.30491638183594, -0.93501281738281, 0.010052999998152, 
35, 13, 14/09/2018, 11:36:15, 2788.743, 0.059695208134143, -0.31331884535754, -0.92860942177414, 0.046051025390625, -0.30223083496094, -0.93051147460938, 0.010051999997813, 
35, 13, 14/09/2018, 11:36:15, 2797.958, 0.057865396793385, -0.31198726599756, -0.92866534971391, 0.041397094726562, -0.30000305175781, -0.92916870117188, 0.010072000004584, 
35, 13, 14/09/2018, 11:36:15, 2807.8570000001, 0.056079711606234, -0.31066219662437, -0.92848985478158, 0.040008544921875, -0.29873657226562, -0.92691040039062, 0.010070999996969, 
35, 13, 14/09/2018, 11:36:15, 2817.853, 0.054690795621392, -0.30979312051662, -0.9282373048503, 0.042190551757812, -0.30197143554688, -0.92596435546875, 0.010039000000688, 
35, 13, 14/09/2018, 11:36:15, 2828.3420000001, 0.053507909906909, -0.30885531237121, -0.92802832045902, 0.042861938476562, -0.3004150390625, -0.9261474609375, 0.010071999997308, 
35, 13, 14/09/2018, 11:36:15, 2838.078, 0.052168654560749, -0.30779766199346, -0.92826595472171, 0.040115356445312, -0.29827880859375, -0.93040466308594, 0.010070000003907, 
35, 13, 14/09/2018, 11:36:15, 2848.446, 0.050830573284362, -0.30683356962224, -0.92865072399564, 0.038787841796875, -0.29815673828125, -0.93211364746094, 0.010040000001027, 
35, 13, 14/09/2018, 11:36:15, 2858.162, 0.04955458382702, -0.30596741236705, -0.92923047581482, 0.038070678710938, -0.29817199707031, -0.9344482421875, 0.010070999996969, 
35, 13, 14/09/2018, 11:36:15, 2871.12, 0.048404667436505, -0.30527332005612, -0.92980565821381, 0.038055419921875, -0.29902648925781, -0.93498229980469, 0.010070000003907, 
35, 13, 14/09/2018, 11:36:15, 2878.3770000001, 0.047664237313948, -0.30495381275754, -0.93019972618149, 0.041000366210938, -0.30207824707031, -0.93374633789062, 0.010047999996459, 
35, 13, 14/09/2018, 11:36:15, 2891.012, 0.046839158797397, -0.3046860926146, -0.93052234389537, 0.039413452148438, -0.30227661132812, -0.93342590332031, 0.01008400000137, 
35, 13, 14/09/2018, 11:36:15, 2899.2610000001, 0.046128631589533, -0.3043337553258, -0.93094545130271, 0.03973388671875, -0.30116271972656, -0.93475341796875, 0.010049999997136, 
35, 13, 14/09/2018, 11:36:15, 2908.6560000001, 0.045742453000892, -0.30410362686353, -0.93145442179744, 0.042266845703125, -0.30203247070312, -0.93603515625, 0.010072000004584, 
35, 13, 14/09/2018, 11:36:15, 2918.535, 0.045379633482053, -0.30372103517327, -0.93197047864113, 0.0421142578125, -0.30027770996094, -0.93661499023438, 0.010040000001027, 
35, 13, 14/09/2018, 11:36:15, 2928.6090000001, 0.045159907438535, -0.30318901954657, -0.93237084288639, 0.043182373046875, -0.29840087890625, -0.93597412109375, 0.010069999996631, 
35, 13, 14/09/2018, 11:36:15, 2938.574, 0.044791255561869, -0.30265374796301, -0.93270980840244, 0.041473388671875, -0.29783630371094, -0.93576049804688, 0.010070999996969, 
35, 13, 14/09/2018, 11:36:15, 2950.007, 0.044836360962713, -0.30226508215108, -0.93296299748407, 0.045242309570312, -0.29876708984375, -0.93524169921875, 0.010072000004584, 
35, 13, 14/09/2018, 11:36:15, 2958.7830000001, 0.045006655530504, -0.30184661836957, -0.9333510849427, 0.046539306640625, -0.29808044433594, -0.93684387207031, 0.010040000001027, 
35, 13, 14/09/2018, 11:36:15, 2968.951, 0.045356759020423, -0.30140591405214, -0.93401316883124, 0.048507690429688, -0.29743957519531, -0.93997192382812, 0.010069999996631, 
35, 13, 14/09/2018, 11:36:15, 2978.9010000001, 0.046208961536349, -0.30085516639693, -0.93454495741687, 0.053878784179688, -0.2958984375, -0.9393310546875, 0.01005399999849, 
35, 13, 14/09/2018, 11:36:15, 2988.8350000001, 0.047105643507714, -0.30015349985489, -0.9355042189994, 0.05517578125, -0.29383850097656, -0.94413757324219, 0.010071000004245, 
35, 13, 14/09/2018, 11:36:15, 3003.831, 0.048030149957724, -0.29986990035768, -0.93618444895493, 0.056350708007812, -0.29731750488281, -0.94230651855469, 0.010057999999844, 
35, 13, 14/09/2018, 11:36:15, 3009.6490000001, 0.048697410840858, -0.29964823014613, -0.93705605532897, 0.054702758789062, -0.29765319824219, -0.94490051269531, 0.010070999996969, 
35, 13, 14/09/2018, 11:36:15, 3019.16, 0.049226229327085, -0.29948229629168, -0.93758415340935, 0.053985595703125, -0.29798889160156, -0.94233703613281, 0.010069000003568, 
35, 13, 14/09/2018, 11:36:15, 3029.4180000001, 0.04961213910922, -0.29937415455313, -0.9377679988106, 0.053085327148438, -0.29840087890625, -0.93942260742188, 0.010041999994428, 
35, 13, 14/09/2018, 11:36:15, 3039.292, 0.049916733303767, -0.29947366536735, -0.93750011006236, 0.052658081054688, -0.30036926269531, -0.93508911132812, 0.010069000003568, 
35, 13, 14/09/2018, 11:36:15, 3049.402, 0.05003980606714, -0.29961815674077, -0.93714456927096, 0.0511474609375, -0.30091857910156, -0.93394470214844, 0.010071999997308, 
35, 13, 14/09/2018, 11:36:15, 3059.415, 0.050046811788551, -0.29977413891826, -0.93681084964855, 0.05010986328125, -0.30117797851562, -0.93380737304688, 0.010039000000688, 
35, 13, 14/09/2018, 11:36:15, 3071.9840000001, 0.049796769281571, -0.30003201555378, -0.93608783353136, 0.04754638671875, -0.30235290527344, -0.92958068847656, 0.010071000004245, 
35, 13, 14/09/2018, 11:36:16, 3079.5330000001, 0.049431350165914, -0.30015424124449, -0.93565531970947, 0.046142578125, -0.30125427246094, -0.9317626953125, 0.010071999997308, 
35, 13, 14/09/2018, 11:36:16, 3089.9230000001, 0.048531794250885, -0.2999621203427, -0.9366897022893, 0.040435791015625, -0.29823303222656, -0.94599914550781, 0.01005399999849, 
35, 13, 14/09/2018, 11:36:16, 3103.537, 0.047673365802359, -0.29972359873812, -0.93804941858381, 0.039947509765625, -0.29757690429688, -0.95028686523438, 0.010065000002214, 
35, 13, 14/09/2018, 11:36:16, 3109.64, 0.046873314378373, -0.29967219833696, -0.93955239908871, 0.0396728515625, -0.29920959472656, -0.95307922363281, 0.010063000001537, 
35, 13, 14/09/2018, 11:36:16, 3119.834, 0.046000680206161, -0.29984413865952, -0.94028099707047, 0.03814697265625, -0.3013916015625, -0.94683837890625, 0.010040000001027, 
35, 13, 14/09/2018, 11:36:16, 3129.953, 0.04460495788867, -0.29995616034044, -0.94133193789076, 0.03204345703125, -0.30096435546875, -0.95079040527344, 0.010070999996969, 
35, 13, 14/09/2018, 11:36:16, 3140.1000000001, 0.043016166201365, -0.29981589098608, -0.94234187154309, 0.028717041015625, -0.29855346679688, -0.95143127441406, 0.010070999996969, 
35, 13, 14/09/2018, 11:36:16, 3150.128, 0.041339061299979, -0.29970490735622, -0.9433499939591, 0.0262451171875, -0.2987060546875, -0.95242309570312, 0.010040000001027, 
35, 13, 14/09/2018, 11:36:16, 3160.0160000001, 0.03963893202545, -0.29959891857373, -0.94410319036397, 0.024337768554688, -0.29864501953125, -0.95088195800781, 0.010070000003907, 
35, 13, 14/09/2018, 11:36:16, 3171.792, 0.038294972904936, -0.29952641685307, -0.94478869652288, 0.026199340820312, -0.29887390136719, -0.95095825195312, 0.010071999997308, 
35, 13, 14/09/2018, 11:36:16, 3180.1410000001, 0.037163229520692, -0.29948557936698, -0.945745923062, 0.0269775390625, -0.29911804199219, -0.95436096191406, 0.010040000001027, 
35, 13, 14/09/2018, 11:36:16, 3190.3940000001, 0.036155341627217, -0.29962735346154, -0.94650977069721, 0.027084350585938, -0.3009033203125, -0.95338439941406, 0.010070999996969, 
35, 13, 14/09/2018, 11:36:16, 3199.814, 0.034824048187151, -0.29951233540054, -0.94719113005327, 0.022842407226562, -0.29847717285156, -0.95332336425781, 0.010054000005766, 
35, 13, 14/09/2018, 11:36:16, 3212.7070000001, 0.034043974911405, -0.29965753740736, -0.94692392134482, 0.027023315429688, -0.30096435546875, -0.94451904296875, 0.010051999997813, 
35, 13, 14/09/2018, 11:36:16, 3220.8100000001, 0.033715749295264, -0.30005982565881, -0.94598610684705, 0.03076171875, -0.30368041992188, -0.93754577636719, 0.010075999998662, 
35, 13, 14/09/2018, 11:36:16, 3230.606, 0.033728573779801, -0.30057142121793, -0.94454087751, 0.033843994140625, -0.30517578125, -0.93153381347656, 0.010070000003907, 
35, 13, 14/09/2018, 11:36:16, 3240.7220000001, 0.034075809175258, -0.30111883231879, -0.9424192482551, 0.037200927734375, -0.30604553222656, -0.92332458496094, 0.010039999993751, 
35, 13, 14/09/2018, 11:36:16, 3250.6850000001, 0.03449818431242, -0.30206774010254, -0.93999250897646, 0.038299560546875, -0.31060791015625, -0.91815185546875, 0.010072000004584, 
35, 13, 14/09/2018, 11:36:16, 3260.626, 0.035053798010084, -0.30298889577979, -0.93725912721944, 0.040054321289062, -0.311279296875, -0.91265869140625, 0.010069999996631, 
35, 13, 14/09/2018, 11:36:16, 3270.875, 0.035447038814544, -0.30361957163149, -0.93496387856, 0.038986206054688, -0.30929565429688, -0.914306640625, 0.010041000001365, 
35, 13, 14/09/2018, 11:36:16, 3280.741, 0.035707876925277, -0.30390641817928, -0.93321401170009, 0.038055419921875, -0.30648803710938, -0.91746520996094, 0.010069999996631, 
35, 13, 14/09/2018, 11:36:16, 3290.9500000001, 0.035819035033531, -0.30405471679104, -0.93196566961211, 0.036819458007812, -0.30538940429688, -0.92073059082031, 0.010070000003907, 
35, 13, 14/09/2018, 11:36:16, 3305.0550000001, 0.035729868346584, -0.30377924999475, -0.93142962511184, 0.034927368164062, -0.30130004882812, -0.92660522460938, 0.010041000001365, 
35, 13, 14/09/2018, 11:36:16, 3311.334, 0.035771688640832, -0.30355421806168, -0.93118217041316, 0.036148071289062, -0.30152893066406, -0.928955078125, 0.010085000001709, 
35, 13, 14/09/2018, 11:36:16, 3323.5410000001, 0.03536377026503, -0.30336389635317, -0.93059630200465, 0.031692504882812, -0.30165100097656, -0.92532348632812, 0.010034999999334, 
35, 13, 14/09/2018, 11:36:16, 3332.12, 0.034967652027589, -0.3034581097452, -0.92989964787841, 0.031402587890625, -0.30430603027344, -0.92362976074219, 0.010061999993923, 
35, 13, 14/09/2018, 11:36:16, 3341.1090000001, 0.034501282332643, -0.30406780414177, -0.92907124314916, 0.030303955078125, -0.30955505371094, -0.92161560058594, 0.010071000004245, 
35, 13, 14/09/2018, 11:36:16, 3351.36, 0.033484930954847, -0.30485914384478, -0.92844469744752, 0.024337768554688, -0.31198120117188, -0.92280578613281, 0.010070999996969, 
35, 13, 14/09/2018, 11:36:16, 3361.326, 0.032739587273425, -0.30584448190171, -0.92810816227308, 0.026031494140625, -0.31471252441406, -0.92507934570312, 0.010071000004245, 
35, 13, 14/09/2018, 11:36:16, 3371.561, 0.032120657842958, -0.30667940627013, -0.92814555161218, 0.02655029296875, -0.31419372558594, -0.92848205566406, 0.010039000000688, 
35, 13, 14/09/2018, 11:36:16, 3381.8670000001, 0.031116538836006, -0.3072568880064, -0.92848895543534, 0.022079467773438, -0.31245422363281, -0.93157958984375, 0.010070999996969, 
35, 13, 14/09/2018, 11:36:16, 3391.605, 0.030124330753186, -0.30767743944013, -0.92877970832931, 0.021194458007812, -0.31146240234375, -0.931396484375, 0.010071999997308, 
35, 13, 14/09/2018, 11:36:16, 3401.9160000001, 0.029357991427868, -0.3081062897344, -0.92942132978153, 0.0224609375, -0.31196594238281, -0.93519592285156, 0.010040000001027, 
35, 13, 14/09/2018, 11:36:16, 3411.694, 0.028729321191331, -0.3084083316594, -0.93024903322916, 0.0230712890625, -0.31112670898438, -0.93769836425781, 0.010071000004245, 
35, 13, 14/09/2018, 11:36:16, 3421.6710000001, 0.028059758212823, -0.30857030611065, -0.93110840724999, 0.02203369140625, -0.31002807617188, -0.9388427734375, 0.01005399999849, 
35, 13, 14/09/2018, 11:36:16, 3434.172, 0.027431211590759, -0.30907313878083, -0.9312119830289, 0.021774291992188, -0.3135986328125, -0.93214416503906, 0.010055999999167, 
35, 13, 14/09/2018, 11:36:16, 3441.755, 0.026906718361371, -0.30950890351603, -0.93117244976507, 0.022186279296875, -0.31343078613281, -0.93081665039062, 0.010070999996969, 
35, 13, 14/09/2018, 11:36:16, 3451.885, 0.026221051408046, -0.3101925346488, -0.93088357392919, 0.020050048828125, -0.31634521484375, -0.92828369140625, 0.010071000004245, 
35, 13, 14/09/2018, 11:36:16, 3461.912, 0.025639046364898, -0.31057586907455, -0.93039165208315, 0.020401000976562, -0.31402587890625, -0.92596435546875, 0.010040000001027, 
35, 13, 14/09/2018, 11:36:16, 3472.1270000001, 0.025154914677627, -0.31092849945225, -0.92978870513655, 0.020797729492188, -0.31410217285156, -0.92436218261719, 0.010070999996969, 
35, 13, 14/09/2018, 11:36:16, 3483.1000000001, 0.024269061881739, -0.31108107187031, -0.92982588686899, 0.01629638671875, -0.31245422363281, -0.93016052246094, 0.010070000003907, 
35, 13, 14/09/2018, 11:36:16, 3492.162, 0.02348400139669, -0.31090710774968, -0.93007755111178, 0.01641845703125, -0.30934143066406, -0.93234252929688, 0.010070999996969, 
35, 13, 14/09/2018, 11:36:16, 3502.083, 0.022777446960146, -0.31101299121299, -0.93037271348107, 0.01641845703125, -0.31196594238281, -0.93302917480469, 0.010041000001365, 
35, 13, 14/09/2018, 11:36:16, 3512.2590000001, 0.021804328728975, -0.31115864033388, -0.93077874047281, 0.013046264648438, -0.31246948242188, -0.93443298339844, 0.010070999996969, 
35, 13, 14/09/2018, 11:36:16, 3522.148, 0.02103075620764, -0.31133244915206, -0.93044073458959, 0.014068603515625, -0.31289672851562, -0.92739868164062, 0.010048000003735, 
35, 13, 14/09/2018, 11:36:16, 3537.162, 0.020654975508751, -0.31144157484232, -0.92990001806422, 0.01727294921875, -0.31242370605469, -0.92503356933594, 0.010076999999001, 
35, 13, 14/09/2018, 11:36:16, 3542.5, 0.020441894950064, -0.31203722448699, -0.92906699867968, 0.018524169921875, -0.31739807128906, -0.92156982421875, 0.010056999999506, 
35, 13, 14/09/2018, 11:36:16, 3552.5240000001, 0.020102112193339, -0.31253363631564, -0.92848817967108, 0.017044067382812, -0.31700134277344, -0.92327880859375, 0.010040000001027, 
35, 13, 14/09/2018, 11:36:16, 3562.3910000001, 0.019909222751348, -0.31274694748876, -0.92840516980944, 0.018173217773438, -0.31466674804688, -0.92765808105469, 0.010070999996969, 
35, 13, 14/09/2018, 11:36:16, 3572.5550000001, 0.019830226745745, -0.31291146172426, -0.92875007763319, 0.019119262695312, -0.31439208984375, -0.93185424804688, 0.010071000004245, 
35, 13, 14/09/2018, 11:36:16, 3582.463, 0.019685888153202, -0.3129359283448, -0.92958692289721, 0.018386840820312, -0.31315612792969, -0.93711853027344, 0.010069999996631, 
35, 13, 14/09/2018, 11:36:16, 3592.7540000001, 0.019842848654288, -0.31293963775642, -0.93066356996296, 0.021255493164062, -0.31297302246094, -0.94035339355469, 0.010040000001027, 
35, 13, 14/09/2018, 11:36:16, 3604.4990000001, 0.019927655585734, -0.3132679884339, -0.93153337019323, 0.02069091796875, -0.31622314453125, -0.93936157226562, 0.010071999997308, 
35, 13, 14/09/2018, 11:36:16, 3612.863, 0.020199294324036, -0.3134078643952, -0.93183248678718, 0.02264404296875, -0.31466674804688, -0.93452453613281, 0.010071000004245, 
35, 13, 14/09/2018, 11:36:16, 3622.763, 0.020317121239288, -0.31365429719396, -0.9321642527569, 0.021377563476562, -0.31587219238281, -0.93515014648438, 0.010040000001027, 
35, 13, 14/09/2018, 11:36:16, 3632.596, 0.020478097103641, -0.31394017362691, -0.93184486117262, 0.021926879882812, -0.31651306152344, -0.92897033691406, 0.010080000000016, 
35, 13, 14/09/2018, 11:36:16, 3645.5410000001, 0.020387990029995, -0.31402503810015, -0.93179086821942, 0.019577026367188, -0.31478881835938, -0.93130493164062, 0.010049999997136, 
35, 13, 14/09/2018, 11:36:16, 3653.577, 0.020474740343402, -0.31411057139951, -0.9314401505381, 0.021255493164062, -0.31488037109375, -0.92828369140625, 0.010050999997475, 
35, 13, 14/09/2018, 11:36:16, 3663.0040000001, 0.020279683301249, -0.31437523447441, -0.93150139671476, 0.018524169921875, -0.31675720214844, -0.93205261230469, 0.010071000004245, 
35, 13, 14/09/2018, 11:36:16, 3673.4990000001, 0.019776067998468, -0.31426553085118, -0.93148327608625, 0.015243530273438, -0.31327819824219, -0.93132019042969, 0.010070999996969, 
35, 13, 14/09/2018, 11:36:16, 3683.143, 0.019373168229871, -0.31401115794185, -0.93143492406357, 0.0157470703125, -0.31172180175781, -0.93099975585938, 0.010040000001027, 
35, 13, 14/09/2018, 11:36:16, 3693.3300000001, 0.018925109219384, -0.31388903384688, -0.93159129737987, 0.014892578125, -0.31278991699219, -0.93299865722656, 0.010071999997308, 
35, 13, 14/09/2018, 11:36:16, 3703.2660000001, 0.018576787750571, -0.31385846786454, -0.93172898160672, 0.01544189453125, -0.31358337402344, -0.93296813964844, 0.010070000003907, 
35, 13, 14/09/2018, 11:36:16, 3713.7000000001, 0.018286186612232, -0.31394997703511, -0.93148516059449, 0.015670776367188, -0.31477355957031, -0.92929077148438, 0.010070999996969, 
35, 13, 14/09/2018, 11:36:16, 3723.5460000001, 0.018041430255697, -0.31407811165582, -0.9305882314491, 0.015838623046875, -0.31523132324219, -0.92251586914062, 0.010040000001027, 
35, 13, 14/09/2018, 11:36:16, 3733.5460000001, 0.017393903441065, -0.31402711201368, -0.92984508213232, 0.011566162109375, -0.31356811523438, -0.92315673828125, 0.010085000001709, 
35, 13, 14/09/2018, 11:36:16, 3743.314, 0.016727205968052, -0.31407276507012, -0.9287337428644, 0.010726928710938, -0.31448364257812, -0.91873168945312, 0.010041000001365, 
35, 13, 14/09/2018, 11:36:16, 3756.716, 0.016166851093903, -0.31413063748889, -0.92760231193733, 0.011123657226562, -0.31465148925781, -0.91741943359375, 0.010054999998829, 
35, 13, 14/09/2018, 11:36:16, 3764.3250000001, 0.015435175750138, -0.31419035206031, -0.92651230779438, 0.00885009765625, -0.31472778320312, -0.91670227050781, 0.010071999997308, 
35, 13, 14/09/2018, 11:36:16, 3773.922, 0.014962825167311, -0.31446992525272, -0.92564574498369, 0.010711669921875, -0.31698608398438, -0.9178466796875, 0.010071000004245, 
35, 13, 14/09/2018, 11:36:16, 3785.113, 0.014717763353705, -0.31478105040323, -0.92522594587595, 0.01251220703125, -0.31758117675781, -0.92144775390625, 0.010039000000688, 
35, 13, 14/09/2018, 11:36:16, 3793.996, 0.014526199420678, -0.315137356984, -0.92475352218679, 0.012802124023438, -0.31834411621094, -0.92050170898438, 0.010071999997308, 
35, 13, 14/09/2018, 11:36:16, 3803.8720000001, 0.014633027720798, -0.31529476386373, -0.92463809428452, 0.015594482421875, -0.31671142578125, -0.92359924316406, 0.010069999996631, 
35, 13, 14/09/2018, 11:36:16, 3814.037, 0.014823777683093, -0.31547305114923, -0.92466696063732, 0.01654052734375, -0.31707763671875, -0.9249267578125, 0.010071000004245, 
35, 13, 14/09/2018, 11:36:16, 3823.9300000001, 0.01547915626244, -0.31581661517493, -0.92510340178062, 0.021377563476562, -0.31890869140625, -0.92903137207031, 0.010041000001365, 
35, 13, 14/09/2018, 11:36:16, 3834.1360000001, 0.01607815225729, -0.31602664066916, -0.92610044685646, 0.021469116210938, -0.31791687011719, -0.93507385253906, 0.010069999996631, 
35, 13, 14/09/2018, 11:36:16, 3844.233, 0.016869018672186, -0.31663680619208, -0.92717784113566, 0.02398681640625, -0.32212829589844, -0.93687438964844, 0.01005399999849, 
35, 13, 14/09/2018, 11:36:16, 3856.567, 0.01762657481278, -0.31717374813147, -0.92791556239319, 0.024444580078125, -0.32200622558594, -0.93455505371094, 0.010072000004584, 
35, 13, 14/09/2018, 11:36:16, 3864.0510000001, 0.018019984226033, -0.31761121950973, -0.92853526103668, 0.021560668945312, -0.32154846191406, -0.93411254882812, 0.010056999999506, 
35, 13, 14/09/2018, 11:36:16, 3873.9550000001, 0.018081083947961, -0.31774096669938, -0.92900143708145, 0.018630981445312, -0.31890869140625, -0.93319702148438, 0.010069999996631, 
35, 13, 14/09/2018, 11:36:16, 3883.827, 0.018033839810977, -0.31767463370132, -0.92980856876393, 0.017608642578125, -0.31707763671875, -0.93707275390625, 0.010041000001365, 
35, 13, 14/09/2018, 11:36:16, 3893.944, 0.017881456806442, -0.31731586173744, -0.93050599557894, 0.016510009765625, -0.3140869140625, -0.93678283691406, 0.010069999996631, 
35, 13, 14/09/2018, 11:36:16, 3903.9570000001, 0.017362842375798, -0.31689531071994, -0.93158991750542, 0.0126953125, -0.3131103515625, -0.94134521484375, 0.010071000004245, 
35, 13, 14/09/2018, 11:36:16, 3914.0870000001, 0.016952546907749, -0.31658853111279, -0.93270887985644, 0.013259887695312, -0.31382751464844, -0.94277954101562, 0.010069999996631, 
35, 13, 14/09/2018, 11:36:16, 3924.1090000001, 0.016705351299006, -0.31635362819683, -0.93331158806221, 0.014480590820312, -0.31423950195312, -0.93873596191406, 0.010040000001027, 
35, 13, 14/09/2018, 11:36:16, 3934.1930000001, 0.01635927905973, -0.31635736449824, -0.93330318316224, 0.01324462890625, -0.31639099121094, -0.9332275390625, 0.010072000004584, 
35, 13, 14/09/2018, 11:36:16, 3944.2290000001, 0.01558089509907, -0.31654383263826, -0.93317812607648, 0.008575439453125, -0.31822204589844, -0.93205261230469, 0.010069999996631, 
35, 13, 14/09/2018, 11:36:16, 3954.2420000001, 0.014909341233694, -0.31685661246037, -0.9325772934493, 0.0088653564453125, -0.31967163085938, -0.92716979980469, 0.01005399999849, 
35, 13, 14/09/2018, 11:36:16, 3966.061, 0.0144132801572, -0.31742497953464, -0.93181071400671, 0.00994873046875, -0.32254028320312, -0.92491149902344, 0.010067000002891, 
35, 13, 14/09/2018, 11:36:16, 3974.9970000001, 0.014114835442261, -0.31797007923743, -0.93128711330917, 0.011428833007812, -0.3228759765625, -0.92657470703125, 0.01006100000086, 
35, 13, 14/09/2018, 11:36:16, 3984.427, 0.014165143890222, -0.31860562746603, -0.93151472522044, 0.014617919921875, -0.32432556152344, -0.93356323242188, 0.010040000001027, 
35, 13, 14/09/2018, 11:36:16, 3994.664, 0.0147017545012, -0.31957892702411, -0.93118857008121, 0.01953125, -0.32833862304688, -0.92825317382812, 0.010070999996969, 
35, 13, 14/09/2018, 11:36:16, 4004.9060000001, 0.015254894480768, -0.32036181801311, -0.93097895379574, 0.020233154296875, -0.32740783691406, -0.92909240722656, 0.010070999996969, 
35, 13, 14/09/2018, 11:36:16, 4015.0020000001, 0.01583359204441, -0.32100691062586, -0.93061787482242, 0.021041870117188, -0.32681274414062, -0.9273681640625, 0.010072000004584, 
35, 13, 14/09/2018, 11:36:16, 4024.9330000001, 0.016230823660281, -0.32155239876249, -0.93029442962533, 0.019805908203125, -0.32646179199219, -0.92738342285156, 0.010039000000688, 
35, 13, 14/09/2018, 11:36:16, 4035.5090000001, 0.016957594809878, -0.32205707099562, -0.92965542855733, 0.02349853515625, -0.32659912109375, -0.92390441894531, 0.010071999997308, 
35, 13, 14/09/2018, 11:36:16, 4045.057, 0.017745966188265, -0.32242735266559, -0.92878735884613, 0.02484130859375, -0.32575988769531, -0.92097473144531, 0.010069999996631, 
35, 13, 14/09/2018, 11:36:16, 4055.273, 0.018553156678814, -0.32251799142247, -0.92736370108652, 0.02581787109375, -0.32333374023438, -0.91455078125, 0.010041000001365, 
35, 13, 14/09/2018, 11:36:16, 4066.064, 0.019523768745307, -0.32276130946772, -0.92565668888802, 0.02825927734375, -0.324951171875, -0.91029357910156, 0.010053000005428, 
35, 13, 14/09/2018, 11:36:17, 4077.735, 0.020679607202808, -0.32286127715376, -0.92392659128828, 0.031082153320312, -0.32376098632812, -0.90835571289062, 0.010076999999001, 
35, 13, 14/09/2018, 11:36:17, 4085.932, 0.021913648435652, -0.3226338652587, -0.92249004788211, 0.03302001953125, -0.32058715820312, -0.90956115722656, 0.010051999997813, 
35, 13, 14/09/2018, 11:36:17, 4095.971, 0.023237908592087, -0.32216063986564, -0.92118037414859, 0.03515625, -0.31790161132812, -0.90939331054688, 0.010068999996292, 
35, 13, 14/09/2018, 11:36:17, 4105.9450000001, 0.024296991268034, -0.32150890693376, -0.91998793487826, 0.033828735351562, -0.31564331054688, -0.90925598144531, 0.010072000004584, 
35, 13, 14/09/2018, 11:36:17, 4116.111, 0.02526542446545, -0.32046000598648, -0.91871179764043, 0.033981323242188, -0.31101989746094, -0.9072265625, 0.010039000000688, 
35, 13, 14/09/2018, 11:36:17, 4126.0140000001, 0.026001211120467, -0.31933288966518, -0.91755869648967, 0.032623291015625, -0.30918884277344, -0.90718078613281, 0.010070999996969, 
35, 13, 14/09/2018, 11:36:17, 4136.241, 0.026414700848264, -0.31789581651897, -0.91650259490711, 0.030136108398438, -0.30496215820312, -0.90699768066406, 0.010071000004245, 
35, 13, 14/09/2018, 11:36:17, 4145.946, 0.026548804493907, -0.31661008008192, -0.91555668111952, 0.027755737304688, -0.30503845214844, -0.90704345703125, 0.010040999994089, 
35, 13, 14/09/2018, 11:36:17, 4157.093, 0.026280398653891, -0.31539035625341, -0.91503189679663, 0.02386474609375, -0.30441284179688, -0.91030883789062, 0.010071000004245, 
35, 13, 14/09/2018, 11:36:17, 4166.1120000001, 0.026176162499439, -0.31443145978823, -0.91451381453885, 0.025238037109375, -0.30580139160156, -0.90985107421875, 0.010069999996631, 
35, 13, 14/09/2018, 11:36:17, 4176.3050000001, 0.026135755722152, -0.31368289388753, -0.91447020896387, 0.025772094726562, -0.30694580078125, -0.91407775878906, 0.010054999998829, 
35, 13, 14/09/2018, 11:36:17, 4188.686, 0.026062768528843, -0.31355392334643, -0.91510235066514, 0.025405883789062, -0.31239318847656, -0.92079162597656, 0.010057000006782, 
35, 13, 14/09/2018, 11:36:17, 4196.814, 0.025780405250177, -0.31356297192976, -0.91644489880175, 0.023239135742188, -0.31364440917969, -0.92852783203125, 0.010070999996969, 
35, 13, 14/09/2018, 11:36:17, 4206.588, 0.025437777322816, -0.31380457512741, -0.9183123718122, 0.022354125976562, -0.31597900390625, -0.93511962890625, 0.010069999996631, 
35, 13, 14/09/2018, 11:36:17, 4216.576, 0.025318621172565, -0.31383891253654, -0.92105205748254, 0.024246215820312, -0.31414794921875, -0.94570922851562, 0.010041000001365, 
35, 13, 14/09/2018, 11:36:17, 4226.648, 0.025399063742809, -0.31398883475945, -0.92405183220304, 0.026123046875, -0.31533813476562, -0.9510498046875, 0.010071000004245, 
35, 13, 14/09/2018, 11:36:17, 4236.8640000001, 0.02546230678259, -0.31407646251397, -0.92696525249836, 0.026031494140625, -0.31486511230469, -0.95318603515625, 0.010069999996631, 
35, 13, 14/09/2018, 11:36:17, 4246.794, 0.025479552666831, -0.31398900669226, -0.92995811933837, 0.025634765625, -0.31320190429688, -0.95689392089844, 0.010040000001027, 
35, 13, 14/09/2018, 11:36:17, 4257.093, 0.025676653552492, -0.31398506451913, -0.93273562283422, 0.027450561523438, -0.31394958496094, -0.95773315429688, 0.010070999996969, 
35, 13, 14/09/2018, 11:36:17, 4266.892, 0.02580369034568, -0.31389759322347, -0.93481881103908, 0.026947021484375, -0.3131103515625, -0.95356750488281, 0.010070000003907, 
35, 13, 14/09/2018, 11:36:17, 4276.986, 0.025943963400956, -0.31378682560034, -0.93658076538439, 0.027206420898438, -0.31278991699219, -0.95243835449219, 0.010054999998829, 
35, 13, 14/09/2018, 11:36:17, 4289.079, 0.026137347822579, -0.31358032321609, -0.93757753503736, 0.027877807617188, -0.31172180175781, -0.94654846191406, 0.010071999997308, 
35, 13, 14/09/2018, 11:36:17, 4297.2420000001, 0.026410575930946, -0.3133792122812, -0.93833272098674, 0.02886962890625, -0.31156921386719, -0.94512939453125, 0.010055999999167, 
35, 13, 14/09/2018, 11:36:17, 4307.017, 0.026720568142539, -0.31320736771323, -0.9385973492787, 0.029510498046875, -0.31166076660156, -0.94097900390625, 0.010041000001365, 
35, 13, 14/09/2018, 11:36:17, 4317.2930000001, 0.02724065000016, -0.31296115486769, -0.93847693319848, 0.03192138671875, -0.31074523925781, -0.93739318847656, 0.010069000003568, 
35, 13, 14/09/2018, 11:36:17, 4327.145, 0.027991011269675, -0.31314544709577, -0.93803286536692, 0.034744262695312, -0.31480407714844, -0.93403625488281, 0.010070999996969, 
35, 13, 14/09/2018, 11:36:17, 4337.4400000001, 0.028712112779427, -0.31372177152681, -0.93738296017788, 0.035202026367188, -0.31890869140625, -0.93153381347656, 0.010041000001365, 
35, 13, 14/09/2018, 11:36:17, 4347.397, 0.029692219860859, -0.31434269740148, -0.93605036484369, 0.03851318359375, -0.31993103027344, -0.92405700683594, 0.010070999996969, 
35, 13, 14/09/2018, 11:36:17, 4357.54, 0.030874914378679, -0.3151044725832, -0.93492732298822, 0.041519165039062, -0.32196044921875, -0.92481994628906, 0.010071000004245, 
35, 13, 14/09/2018, 11:36:17, 4367.398, 0.032159066007218, -0.31604641790301, -0.93403560387299, 0.043716430664062, -0.32452392578125, -0.92601013183594, 0.010069999996631, 
35, 13, 14/09/2018, 11:36:17, 4377.528, 0.033389570539308, -0.31675683958927, -0.93339174807554, 0.044464111328125, -0.32315063476562, -0.92759704589844, 0.010040000001027, 
35, 13, 14/09/2018, 11:36:17, 4387.4820000001, 0.034938003622096, -0.31760831627487, -0.93305184084611, 0.048873901367188, -0.32527160644531, -0.92999267578125, 0.01005399999849, 
35, 13, 14/09/2018, 11:36:17, 4399.851, 0.036615406873168, -0.31847687917864, -0.93259181057009, 0.051712036132812, -0.3262939453125, -0.92845153808594, 0.010089000003063, 
35, 13, 14/09/2018, 11:36:17, 4408.066, 0.038349373998351, -0.31912736020609, -0.93232731945449, 0.053955078125, -0.32498168945312, -0.92994689941406, 0.010040000001027, 
35, 13, 14/09/2018, 11:36:17, 4417.831, 0.039864168043829, -0.31975246598235, -0.93224491709888, 0.053497314453125, -0.32537841796875, -0.93150329589844, 0.010069999996631, 
35, 13, 14/09/2018, 11:36:17, 4428.0650000001, 0.041563176044133, -0.3205363136224, -0.93217838437337, 0.056854248046875, -0.32759094238281, -0.93157958984375, 0.010072000004584, 
35, 13, 14/09/2018, 11:36:17, 4438.0870000001, 0.043000730510032, -0.32116395667422, -0.93160886136572, 0.055938720703125, -0.32681274414062, -0.92648315429688, 0.010040000001027, 
35, 13, 14/09/2018, 11:36:17, 4448.1660000001, 0.043966465564498, -0.32168458493258, -0.93106424720181, 0.052658081054688, -0.32637023925781, -0.92616271972656, 0.010070999996969, 
35, 13, 14/09/2018, 11:36:17, 4458.0260000001, 0.044730341468986, -0.32204481296276, -0.93098303000116, 0.051605224609375, -0.32528686523438, -0.93025207519531, 0.010070999996969, 
35, 13, 14/09/2018, 11:36:17, 4470.7930000001, 0.04579014423615, -0.32254144250633, -0.93063069868073, 0.055328369140625, -0.32701110839844, -0.92745971679688, 0.010039000000688, 
35, 13, 14/09/2018, 11:36:17, 4478.431, 0.046879769949253, -0.32328900724007, -0.93137561221109, 0.056686401367188, -0.33001708984375, -0.93807983398438, 0.010072000004584, 
35, 13, 14/09/2018, 11:36:17, 4488.1310000001, 0.048074056137922, -0.324050316477, -0.9302836442517, 0.058822631835938, -0.33090209960938, -0.92045593261719, 0.01005399999849, 
35, 13, 14/09/2018, 11:36:17, 4499.4080000001, 0.049093982067098, -0.32413582438008, -0.92918338041247, 0.058273315429688, -0.32490539550781, -0.91928100585938, 0.010066999995615, 
35, 13, 14/09/2018, 11:36:17, 4512.496, 0.050127882200232, -0.32447828442254, -0.92842049891419, 0.059432983398438, -0.32756042480469, -0.92155456542969, 0.01006100000086, 
35, 13, 14/09/2018, 11:36:17, 4518.6340000001, 0.050916485581772, -0.32438366642951, -0.92741041923762, 0.058013916015625, -0.32353210449219, -0.91831970214844, 0.010070000003907, 
35, 13, 14/09/2018, 11:36:17, 4528.485, 0.051348518664219, -0.32398875681781, -0.92645862291932, 0.05523681640625, -0.3204345703125, -0.91789245605469, 0.010040000001027, 
35, 13, 14/09/2018, 11:36:17, 4538.461, 0.051506940723579, -0.32366232986649, -0.92551808289302, 0.052932739257812, -0.32072448730469, -0.91705322265625, 0.010070999996969, 
35, 13, 14/09/2018, 11:36:17, 4548.765, 0.051699874580908, -0.32350434883297, -0.92422909198653, 0.053436279296875, -0.32208251953125, -0.91262817382812, 0.010070999996969, 
35, 13, 14/09/2018, 11:36:17, 4558.674, 0.05140354434938, -0.32298985144967, -0.922998809741, 0.048736572265625, -0.318359375, -0.91192626953125, 0.010040000001027, 
35, 13, 14/09/2018, 11:36:17, 4568.5480000001, 0.050499029758192, -0.32248560507424, -0.92210670464581, 0.0423583984375, -0.31794738769531, -0.91407775878906, 0.010071000004245, 
35, 13, 14/09/2018, 11:36:17, 4578.7880000001, 0.049744475903467, -0.32203788685197, -0.92148844140779, 0.042953491210938, -0.31800842285156, -0.91592407226562, 0.010070999996969, 
35, 13, 14/09/2018, 11:36:17, 4588.6850000001, 0.048819710930307, -0.32124889308865, -0.92121124033342, 0.040496826171875, -0.31414794921875, -0.91871643066406, 0.010040000001027, 
35, 13, 14/09/2018, 11:36:17, 4599.817, 0.048094233977902, -0.3204274095415, -0.92159042147585, 0.04156494140625, -0.31303405761719, -0.92500305175781, 0.010085000001709, 
35, 13, 14/09/2018, 11:36:17, 4609, 0.047139180697299, -0.31971096253266, -0.92243827630093, 0.038543701171875, -0.31326293945312, -0.93006896972656, 0.010040000001027, 
35, 13, 14/09/2018, 11:36:17, 4618.902, 0.046067535576788, -0.31895171930674, -0.92285802288958, 0.036422729492188, -0.31211853027344, -0.9266357421875, 0.010056999999506, 
35, 13, 14/09/2018, 11:36:17, 4628.8770000001, 0.044712429968328, -0.31822109815732, -0.92327394179203, 0.032516479492188, -0.3116455078125, -0.92701721191406, 0.010069999996631, 
35, 13, 14/09/2018, 11:36:17, 4639.1630000001, 0.043321936483214, -0.31763830718924, -0.92387104712455, 0.030807495117188, -0.31239318847656, -0.92924499511719, 0.010071000004245, 
35, 13, 14/09/2018, 11:36:17, 4649.1360000001, 0.041986569006767, -0.31735488418516, -0.92469072952147, 0.02996826171875, -0.31480407714844, -0.93206787109375, 0.010040999994089, 
35, 13, 14/09/2018, 11:36:17, 4659.1580000001, 0.040224740719372, -0.31726154664555, -0.92548490119823, 0.024368286132812, -0.31642150878906, -0.93263244628906, 0.010071000004245, 
35, 13, 14/09/2018, 11:36:17, 4669.422, 0.038605525924778, -0.31705089491068, -0.92616303461356, 0.024032592773438, -0.31515502929688, -0.93226623535156, 0.010070999996969, 
35, 13, 14/09/2018, 11:36:17, 4679.4350000001, 0.037311501652613, -0.31694065405243, -0.92716245380845, 0.025665283203125, -0.31594848632812, -0.9361572265625, 0.010040000001027, 
35, 13, 14/09/2018, 11:36:17, 4689.316, 0.036102629319383, -0.31654083913547, -0.92838694329089, 0.025222778320312, -0.31294250488281, -0.93940734863281, 0.010071000004245, 
35, 13, 14/09/2018, 11:36:17, 4699.528, 0.035185542656976, -0.31612759994848, -0.92940811224305, 0.026931762695312, -0.31240844726562, -0.9385986328125, 0.010069999996631, 
35, 13, 14/09/2018, 11:36:17, 4709.446, 0.034561580676435, -0.31580909044192, -0.93024171508125, 0.028945922851562, -0.31294250488281, -0.937744140625, 0.010041000001365, 
35, 13, 14/09/2018, 11:36:17, 4722.064, 0.034004592530666, -0.31568112329226, -0.93070204064343, 0.02899169921875, -0.31452941894531, -0.93484497070312, 0.010064000001876, 
35, 13, 14/09/2018, 11:36:17, 4730.0750000001, 0.033727607398693, -0.31532638986928, -0.93080352847362, 0.031234741210938, -0.3121337890625, -0.93171691894531, 0.010077999999339, 
35, 13, 14/09/2018, 11:36:17, 4739.942, 0.033600391092418, -0.3153229867222, -0.93113900814579, 0.032455444335938, -0.31529235839844, -0.93415832519531, 0.010039000000688, 
35, 13, 14/09/2018, 11:36:17, 4749.721, 0.033786494561301, -0.31550455523748, -0.93138905996793, 0.03546142578125, -0.317138671875, -0.93363952636719, 0.010071999997308, 
35, 13, 14/09/2018, 11:36:17, 4759.9260000001, 0.034054695691108, -0.31570611387388, -0.93189944596333, 0.036468505859375, -0.31752014160156, -0.93649291992188, 0.010069999996631, 
35, 13, 14/09/2018, 11:36:17, 4769.8130000001, 0.03425335209856, -0.31578223100212, -0.93225503359356, 0.036041259765625, -0.31646728515625, -0.93545532226562, 0.010041000001365, 
35, 13, 14/09/2018, 11:36:17, 4780.037, 0.034763258587923, -0.31605673006988, -0.93244688863264, 0.039352416992188, -0.31852722167969, -0.93417358398438, 0.010069000003568, 
35, 13, 14/09/2018, 11:36:17, 4790.206, 0.035446478627568, -0.31628394280508, -0.93229454596078, 0.041595458984375, -0.31832885742188, -0.93092346191406, 0.010071999997308, 
35, 13, 14/09/2018, 11:36:17, 4800.216, 0.03598355683903, -0.31671731610269, -0.93218490337642, 0.040817260742188, -0.32061767578125, -0.93119812011719, 0.010070000003907, 
35, 13, 14/09/2018, 11:36:17, 4810.052, 0.036648506819189, -0.31738963966821, -0.93129276801925, 0.042633056640625, -0.32344055175781, -0.92326354980469, 0.010039999993751, 
35, 13, 14/09/2018, 11:36:17, 4820.441, 0.037364454477114, -0.31786503117014, -0.92976352783842, 0.043807983398438, -0.3221435546875, -0.91600036621094, 0.010055000006105, 
35, 13, 14/09/2018, 11:36:17, 4833.351, 0.037975238033309, -0.31789310324843, -0.92849097144129, 0.043472290039062, -0.31814575195312, -0.91703796386719, 0.010059000000183, 
35, 13, 14/09/2018, 11:36:17, 4840.848, 0.038317423702634, -0.31770627095094, -0.92742959402373, 0.041397094726562, -0.31602478027344, -0.91787719726562, 0.010068999996292, 
35, 13, 14/09/2018, 11:36:17, 4850.348, 0.038575036801121, -0.31736874932459, -0.92673070200417, 0.0408935546875, -0.3143310546875, -0.92044067382812, 0.010069999996631, 
35, 13, 14/09/2018, 11:36:17, 4860.618, 0.038587162027259, -0.3168742449976, -0.92606050045609, 0.0386962890625, -0.31242370605469, -0.92002868652344, 0.010041000001365, 
35, 13, 14/09/2018, 11:36:17, 4870.603, 0.038222708519846, -0.31627355145487, -0.9253276193558, 0.034942626953125, -0.31086730957031, -0.91873168945312, 0.010070000003907, 
35, 13, 14/09/2018, 11:36:17, 4880.779, 0.03806712467958, -0.31581227296954, -0.92474279443194, 0.036666870117188, -0.31166076660156, -0.91947937011719, 0.010071999997308, 
35, 13, 14/09/2018, 11:36:17, 4890.931, 0.038265844340528, -0.31567025465696, -0.92374800717624, 0.040054321289062, -0.31439208984375, -0.914794921875, 0.010040000001027, 
35, 13, 14/09/2018, 11:36:17, 4900.855, 0.038601857562725, -0.31544173016783, -0.92330588468127, 0.0416259765625, -0.31338500976562, -0.91932678222656, 0.010069999996631, 
35, 13, 14/09/2018, 11:36:17, 4910.909, 0.03866928411114, -0.31524368752214, -0.92301020832252, 0.039276123046875, -0.31346130371094, -0.92034912109375, 0.010071000004245, 
35, 13, 14/09/2018, 11:36:17, 4921.077, 0.039189257555495, -0.31506697501993, -0.92267696092777, 0.043869018554688, -0.3134765625, -0.919677734375, 0.010040000001027, 
35, 13, 14/09/2018, 11:36:17, 4930.7960000001, 0.039574836194477, -0.31498422771325, -0.92282564667093, 0.043045043945312, -0.31423950195312, -0.92416381835938, 0.010054999998829, 
35, 13, 14/09/2018, 11:36:17, 4943.517, 0.039842511266435, -0.31472512378958, -0.92334093356634, 0.042251586914062, -0.31239318847656, -0.927978515625, 0.010087000002386, 
35, 13, 14/09/2018, 11:36:17, 4950.9, 0.039888106331198, -0.31462620760203, -0.92460272644017, 0.040298461914062, -0.31373596191406, -0.93595886230469, 0.010040999994089, 
35, 13, 14/09/2018, 11:36:17, 4961.258, 0.039854373823078, -0.31425184367776, -0.9264402443235, 0.03955078125, -0.31088256835938, -0.94297790527344, 0.010070000003907, 
35, 13, 14/09/2018, 11:36:17, 4971.0800000001, 0.039257913491552, -0.31415905677092, -0.92842512614115, 0.033889770507812, -0.31332397460938, -0.9462890625, 0.010071999997308, 
35, 13, 14/09/2018, 11:36:17, 4982.328, 0.038731780345521, -0.31401603927742, -0.93040072876141, 0.03399658203125, -0.31272888183594, -0.94818115234375, 0.010039000000688, 
35, 13, 14/09/2018, 11:36:17, 4991.1290000001, 0.038088887955501, -0.31409942070124, -0.93198040686183, 0.032302856445312, -0.31484985351562, -0.94619750976562, 0.010071999997308, 
35, 13, 14/09/2018, 11:36:17, 5001.358, 0.037522491835732, -0.31447658800612, -0.93318544234752, 0.032424926757812, -0.31787109375, -0.94403076171875, 0.010069000003568, 
35, 13, 14/09/2018, 11:36:17, 5011.36, 0.03678080173419, -0.31494116065082, -0.9342333531909, 0.030105590820312, -0.31912231445312, -0.94366455078125, 0.010042000001704, 
35, 13, 14/09/2018, 11:36:17, 5021.7710000001, 0.035846251834208, -0.31544167349199, -0.93513374834056, 0.027435302734375, -0.3199462890625, -0.9432373046875, 0.010069999996631, 
35, 13, 14/09/2018, 11:36:17, 5032.578, 0.035034148623444, -0.31567546024435, -0.93636066891666, 0.027725219726562, -0.31777954101562, -0.94740295410156, 0.010054999998829, 
35, 13, 14/09/2018, 11:36:17, 5044.449, 0.034129305538443, -0.31578058267695, -0.93758239011093, 0.025985717773438, -0.31672668457031, -0.94857788085938, 0.010071000004245, 
35, 13, 14/09/2018, 11:36:17, 5051.7640000001, 0.03314099656663, -0.31570429442878, -0.93877654367796, 0.024246215820312, -0.31501770019531, -0.94952392578125, 0.010055999999167, 
35, 13, 14/09/2018, 11:36:17, 5061.9840000001, 0.032066887144342, -0.31541133080622, -0.93911123061876, 0.02239990234375, -0.31277465820312, -0.94212341308594, 0.010070999996969, 
35, 13, 14/09/2018, 11:36:17, 5071.816, 0.030859099797095, -0.31535670895607, -0.93904166029126, 0.019989013671875, -0.31486511230469, -0.93841552734375, 0.010040000001027, 
35, 13, 14/09/2018, 11:36:18, 5082.7070000001, 0.029674434934573, -0.31519005661515, -0.93856095617619, 0.019012451171875, -0.31369018554688, -0.93423461914062, 0.010071000004245, 
35, 13, 14/09/2018, 11:36:18, 5092.0020000001, 0.028837118394241, -0.31490884392238, -0.93730587374217, 0.02130126953125, -0.3123779296875, -0.92601013183594, 0.010070999996969, 
35, 13, 14/09/2018, 11:36:18, 5102.116, 0.028068274718879, -0.3142666533778, -0.93580245921951, 0.021148681640625, -0.30848693847656, -0.92227172851562, 0.010039000000688, 
35, 13, 14/09/2018, 11:36:18, 5112.1340000001, 0.027629611309491, -0.31391603784471, -0.93413658097334, 0.023681640625, -0.31076049804688, -0.91914367675781, 0.010071999997308, 
35, 13, 14/09/2018, 11:36:18, 5122.302, 0.026851818635574, -0.31330751511492, -0.9326388164307, 0.019851684570312, -0.30783081054688, -0.91915893554688, 0.010070000003907, 
35, 13, 14/09/2018, 11:36:18, 5133.24, 0.026144175834516, -0.31267744719718, -0.93088494455325, 0.019775390625, -0.3070068359375, -0.91510009765625, 0.010041000001365, 
35, 13, 14/09/2018, 11:36:18, 5141.8050000001, 0.025815524852627, -0.3118876077509, -0.92975201650418, 0.022857666015625, -0.30477905273438, -0.9195556640625, 0.010054999998829, 
35, 13, 14/09/2018, 11:36:18, 5154.6340000001, 0.025504480179864, -0.31113555351878, -0.92869881192407, 0.022705078125, -0.30436706542969, -0.91921997070312, 0.010071999997308, 
35, 13, 14/09/2018, 11:36:18, 5163.01, 0.025317618587659, -0.31077608752237, -0.92752204596604, 0.023635864257812, -0.30754089355469, -0.91693115234375, 0.01005399999849, 
35, 13, 14/09/2018, 11:36:18, 5172.41, 0.025323393349987, -0.31074248511779, -0.92631036871319, 0.025375366210938, -0.31044006347656, -0.9154052734375, 0.010072000004584, 
35, 13, 14/09/2018, 11:36:18, 5182.2960000001, 0.025208046202488, -0.31087246023882, -0.92545789629499, 0.024169921875, -0.31204223632812, -0.91778564453125, 0.010070999996969, 
35, 13, 14/09/2018, 11:36:18, 5192.513, 0.025043198613489, -0.3107330901915, -0.92487530246627, 0.0235595703125, -0.30947875976562, -0.91963195800781, 0.010040000001027, 
35, 13, 14/09/2018, 11:36:18, 5202.8500000001, 0.024975707365422, -0.31072972746142, -0.92482399048137, 0.024368286132812, -0.31069946289062, -0.92436218261719, 0.010070999996969, 
35, 13, 14/09/2018, 11:36:18, 5212.628, 0.024860033601536, -0.31112648127777, -0.92538205774182, 0.023818969726562, -0.314697265625, -0.93040466308594, 0.010071000004245, 
35, 13, 14/09/2018, 11:36:18, 5221.768, 0.025137396940601, -0.31120737563047, -0.92574851505358, 0.027633666992188, -0.31193542480469, -0.92904663085938, 0.010033999998996, 
35, 13, 14/09/2018, 11:36:18, 5232.985, 0.025564025898885, -0.31107723865336, -0.92568922751306, 0.029403686523438, -0.30990600585938, -0.92515563964844, 0.010075999998662, 
35, 13, 14/09/2018, 11:36:18, 5243.0210000001, 0.026163140887121, -0.31105166810833, -0.92600513142191, 0.03155517578125, -0.31082153320312, -0.92884826660156, 0.010054999998829, 
35, 13, 14/09/2018, 11:36:18, 5252.74, 0.026848828751534, -0.31121023420766, -0.92646034337738, 0.03302001953125, -0.31263732910156, -0.93055725097656, 0.010081000000355, 
35, 13, 14/09/2018, 11:36:18, 5266.8670000001, 0.027662786208412, -0.31153910092361, -0.92726523677402, 0.034988403320312, -0.31449890136719, -0.93450927734375, 0.010046000003058, 
35, 13, 14/09/2018, 11:36:18, 5273.645, 0.028430443134446, -0.31171301065547, -0.92834059297943, 0.03533935546875, -0.31327819824219, -0.93801879882812, 0.010070999996969, 
35, 13, 14/09/2018, 11:36:18, 5283.2690000001, 0.029432613664751, -0.31208315246101, -0.92909784227523, 0.0384521484375, -0.31541442871094, -0.9359130859375, 0.010041000001365, 
35, 13, 14/09/2018, 11:36:18, 5293.13, 0.030485629153745, -0.31239339190241, -0.92996399798912, 0.039962768554688, -0.315185546875, -0.93775939941406, 0.010070999996969, 
35, 13, 14/09/2018, 11:36:18, 5303.3500000001, 0.031485222976652, -0.31264514157936, -0.93077863334646, 0.040481567382812, -0.31491088867188, -0.9381103515625, 0.010069000003568, 
35, 13, 14/09/2018, 11:36:18, 5313.273, 0.032392486811799, -0.31306245115189, -0.93111812841025, 0.040557861328125, -0.31681823730469, -0.93417358398438, 0.010070999996969, 
35, 13, 14/09/2018, 11:36:18, 5337.61, 0.033485208345463, -0.31339835691561, -0.93139163051063, 0.043319702148438, -0.31642150878906, -0.93385314941406, 0.010041000001365, 
35, 13, 14/09/2018, 11:36:18, 5337.7760000001, 0.03448086475701, -0.3137372931967, -0.93011190349472, 0.043441772460938, -0.31678771972656, -0.91859436035156, 0.010071000004245, 
35, 13, 14/09/2018, 11:36:18, 5343.012, 0.035145021933653, -0.31366391788094, -0.92814075220775, 0.041122436523438, -0.31300354003906, -0.910400390625, 0.010070999996969, 
35, 13, 14/09/2018, 11:36:18, 5353.2490000001, 0.035704616419975, -0.31374894210847, -0.92560530247526, 0.040740966796875, -0.31451416015625, -0.90278625488281, 0.01005399999849, 
35, 13, 14/09/2018, 11:36:18, 5363.637, 0.035814574699853, -0.31325631108122, -0.92422519214961, 0.03680419921875, -0.30882263183594, -0.91180419921875, 0.010041000001365, 
35, 13, 14/09/2018, 11:36:18, 5373.626, 0.035927270061899, -0.31285414188716, -0.92399627645027, 0.036941528320312, -0.30923461914062, -0.92193603515625, 0.010086000002048, 
35, 13, 14/09/2018, 11:36:18, 5383.784, 0.035773874110396, -0.31234875699532, -0.92468899499665, 0.034393310546875, -0.30780029296875, -0.93092346191406, 0.010041000001365, 
35, 13, 14/09/2018, 11:36:18, 5393.8180000001, 0.035406935918107, -0.3117565814911, -0.92624780545792, 0.0321044921875, -0.30642700195312, -0.94027709960938, 0.010070999996969, 
35, 13, 14/09/2018, 11:36:18, 5404.3130000001, 0.035052277482546, -0.31161119677949, -0.92825803467775, 0.0318603515625, -0.310302734375, -0.94635009765625, 0.010070999996969, 
35, 13, 14/09/2018, 11:36:18, 5413.9720000001, 0.034766654226479, -0.31177637104685, -0.93026407935451, 0.032196044921875, -0.31326293945312, -0.94831848144531, 0.010040000001027, 
35, 13, 14/09/2018, 11:36:18, 5424.099, 0.034405833530394, -0.31206693462576, -0.93246014456359, 0.031158447265625, -0.31468200683594, -0.95222473144531, 0.010070000003907, 
35, 13, 14/09/2018, 11:36:18, 5434.0850000001, 0.03401853386876, -0.31240168403428, -0.93497981614239, 0.030532836914062, -0.31541442871094, -0.95765686035156, 0.010070999996969, 
35, 13, 14/09/2018, 11:36:18, 5444.1930000001, 0.033808819153759, -0.31312257520116, -0.93750539409846, 0.03192138671875, -0.31961059570312, -0.96023559570312, 0.010041000001365, 
